:020000040800F2
:100000000000022075EA00088540000887400008CB
:10001000894000088B4000088D4000080000000067
:10002000000000000000000000000000819E0008A9
:100030008F40000800000000219F0008919B0008ED
:10004000C5EA0008C5EA0008C5EA0008C5EA0008D4
:10005000C5EA0008C5EA0008C5EA000891400008A2
:10006000C5EA0008C5EA0008C5EA0008C5EA0008B4
:10007000C5EA00089D400008C5EA0008C5EA000876
:10008000AD400008BD400008C5EA0008C5EA000808
:10009000CD400008DD400008C5EA0008C5EA0008B8
:1000A000C5EA0008C5EA0008C5EA0008C5EA000874
:1000B000ED400008C5EA0008C5EA0008C5EA0008E6
:1000C000C5EA0008C5EA0008C5EA0008C5EA000854
:1000D000C5EA0008FD40000819410008C5EA00080B
:1000E000C5EA0008C5EA0008C5EA0008C5EA000834
:1000F000C5EA0008C5EA0008C5EA0008C5EA000824
:10010000C5EA0008C5EA0008C5EA0008C5EA000813
:1001100029410008C5EA0008C5EA0008C5EA000848
:10012000C5EA0008C5EA000845410008C5EA00081C
:10013000C5EA0008C5EA0008C5EA0008C5EA0008E3
:100140005541000865410008C5EA000875410008EE
:10015000C5EA0008C5EA000885410008C5EA0008AC
:10016000C5EA0008C5EA0008C5EA0008C5EA0008B3
:10017000C5EA0008C5EA0008C5EA0008000000005A
:08018000C5EA0008C5EA000809
:1001900010B5054C237833B9044B13B10448AFF3C1
:1001A00000800123237010BDD00800200000000053
:1001B000F8F9000808B5034B1BB103490348AFF336
:1001C000008008BD00000000D4080020F8F90008F5
:1001D000F0B400EB4003DFF8880000EBC30000F14F
:1001E00018063069F7687568874232D3B368DC1B3C
:1001F000631E934214D37D19D01900BF11F8013B3F
:1002000005F8013B013A05D011F8013B05F8013B27
:10021000013AF3D1BFF35F8FF0600120F0BC70476B
:10022000C018904219D37819121B11F8013B00F83D
:10023000013B013CF9D1141C05D011F8013B05F834
:10024000013B013AF9D1BFF35F8FF4600120F0BCAC
:100250007047C01B01389042CDD20020F0BC7047DF
:100260003822012010F8012B11F8013B012A28BF88
:100270009A42F7D0D01A7047034613F8012B002A90
:10028000FBD1181A0138704781F0004102E000BF2D
:1002900083F0004330B54FEA41044FEA430594EA46
:1002A000050F08BF90EA020F1FBF54EA000C55EA81
:1002B000020C7FEA645C7FEA655C00F0E2804FEA52
:1002C0005454D4EB5555B8BF6D420CDD2C4480EA34
:1002D000020281EA030382EA000083EA010180EA64
:1002E000020281EA0303362D88BF30BD11F0004FB2
:1002F0004FEA01314FF4801C4CEA113102D04042E8
:1003000061EB410113F0004F4FEA03334CEA133322
:1003100002D0524263EB430394EA050F00F0A7803A
:10032000A4F10104D5F1200E0DDB02FA0EFC22FA35
:1003300005F2801841F1000103FA0EF2801843FA29
:1003400005F359410EE0A5F120050EF1200E012A1A
:1003500003FA0EFC28BF4CF0020C43FA05F3C01858
:1003600051EBE37101F0004507D54FF0000EDCF1D1
:10037000000C7EEB00006EEB0101B1F5801F1BD37A
:10038000B1F5001F0CD349085FEA30004FEA3C0C7E
:1003900004F101044FEA445212F5800F80F09A8074
:1003A000BCF1004F08BF5FEA500C50F1000041EB78
:1003B000045141EA050130BD5FEA4C0C404141EB7C
:1003C0000101013C28BFB1F5801FE9D291F0000F77
:1003D00004BF01460020B1FA81F308BF2033A3F126
:1003E0000B03B3F120020CDA0C3208DD02F1140C1D
:1003F000C2F10C0201FA0CF021FA02F10CE002F158
:100400001402D8BFC2F1200C01FA02F120FA0CFC50
:10041000DCBF41EA0C019040E41AA2BF01EB045199
:10042000294330BD6FEA04041F3C1CDA0C340EDC97
:1004300004F11404C4F1200220FA04F001FA02F3DA
:1004400040EA030021FA04F345EA030130BDC4F198
:100450000C04C4F1200220FA02F001FA04F340EA8D
:100460000300294630BD21FA04F0294630BD94F03E
:10047000000F83F4801306BF81F480110134013D25
:100480004EE77FEA645C18BF7FEA655C29D094EA96
:10049000050F08BF90EA020F05D054EA000C04BF14
:1004A0001946104630BD91EA030F1EBF00210020FF
:1004B00030BD5FEA545C05D14000494128BF41F09E
:1004C000004130BD14F580043CBF01F5801130BD02
:1004D00001F0004545F0FE4141F470014FF000008D
:1004E00030BD7FEA645C1ABF194610467FEA655C3E
:1004F0001CBF0B46024650EA013406BF52EA0335E0
:1005000091EA030F41F4002130BD00BF90F0000FCD
:1005100004BF0021704730B54FF4806404F1320409
:100520004FF000054FF0000150E700BF90F0000FC2
:1005300004BF0021704730B54FF4806404F13204E9
:1005400010F0004548BF40424FF000013EE700BFB9
:1005500042004FEAE2014FEA31014FEA02701FBF49
:1005600012F07F4393F07F4F81F06051704732F07B
:100570007F4208BF704793F07F4F04BF41F40021D2
:10058000704730B54FF4607401F0004521F0004130
:100590001CE700BF50EA010208BF704730B54FF0BA
:1005A00000050AE050EA010208BF704730B511F0BB
:1005B000004502D5404261EB41014FF4806404F1F3
:1005C00032045FEA915C3FF4D8AE4FF003025FEA79
:1005D000DC0C18BF03325FEADC0C18BF033202EBFD
:1005E000DC02C2F1200300FA03FC20FA02F001FA57
:1005F00003FE40EA0E0021FA02F11444BDE600BFFA
:1006000070B54FF0FF0C4CF4E06C1CEA11541DBFA8
:100610001CEA135594EA0C0F95EA0C0F00F0DEF873
:100620002C4481EA030621EA4C5123EA4C5350EA58
:10063000013518BF52EA033541F4801143F48013A9
:1006400038D0A0FB02CE4FF00005E1FB02E506F03A
:100650000042E0FB03E54FF00006E1FB03569CF08F
:10066000000F18BF4EF0010EA4F1FF04B6F5007F95
:1006700064F5407404D25FEA4E0E6D4146EB060607
:1006800042EAC62141EA55514FEAC52040EA5E5090
:100690004FEACE2EB4F1FD0C88BFBCF5E06F1ED83A
:1006A000BEF1004F08BF5FEA500E50F1000041EB71
:1006B000045170BD06F0004646EA010140EA02001E
:1006C00081EA0301B4EB5C04C2BFD4EB0C0541EA40
:1006D000045170BD41F480114FF0000E013C00F355
:1006E000AB8014F1360FDEBF002001F0004170BD79
:1006F000C4F10004203C35DA0C341BDC04F1140492
:10070000C4F1200500FA05F320FA04F001FA05F21D
:1007100040EA020001F0004221F0004110EBD370EA
:1007200021FA04F642EB06015EEA430E08BF20EA16
:10073000D37070BDC4F10C04C4F1200500FA04F3B9
:1007400020FA05F001FA04F240EA020001F000414B
:1007500010EBD37041F100015EEA430E08BF20EABE
:10076000D37070BDC4F1200500FA05F24EEA020E06
:1007700020FA04F301FA05F243EA020321FA04F035
:1007800001F0004121FA04F220EA020000EBD370EC
:100790005EEA430E08BF20EAD37070BD94F0000FEC
:1007A0000FD101F00046400041EB010111F4801F20
:1007B00008BF013CF7D041EA060195F0000F18BFD1
:1007C000704703F00046520043EB030313F4801F0D
:1007D00008BF013DF7D043EA0603704794EA0C0FC7
:1007E0000CEA135518BF95EA0C0F0CD050EA4106DD
:1007F00018BF52EA4306D1D181EA030101F000415A
:100800004FF0000070BD50EA410606BF1046194681
:1008100052EA430619D094EA0C0F02D150EA01368D
:1008200013D195EA0C0F05D152EA03361CBF1046CE
:1008300019460AD181EA030101F0004141F0FE416D
:1008400041F470014FF0000070BD41F0FE4141F4F1
:10085000780170BD70B54FF0FF0C4CF4E06C1CEAF1
:1008600011541DBF1CEA135594EA0C0F95EA0C0FA6
:1008700000F0A7F8A4EB050481EA030E52EA033561
:100880004FEA013100F088804FEA03334FF0805582
:1008900045EA131343EA12634FEA022245EA1115AF
:1008A00045EA10654FEA00260EF000419D4208BF60
:1008B000964244F1FD0404F5407402D25B084FEA0D
:1008C0003202B61A65EB03055B084FEA32024FF4B9
:1008D00080104FF4002CB6EB020E75EB030E22BF16
:1008E000B61A754640EA0C005B084FEA3202B6EBD6
:1008F000020E75EB030E22BFB61A754640EA5C0085
:100900005B084FEA3202B6EB020E75EB030E22BF14
:10091000B61A754640EA9C005B084FEA3202B6EB15
:10092000020E75EB030E22BFB61A754640EADC00D4
:1009300055EA060E18D04FEA051545EA16754FEA36
:1009400006164FEAC30343EA52734FEAC2025FEA54
:100950001C1CC0D111F4801F0BD141EA00014FF0E3
:1009600000004FF0004CB6E711F4801F04BF0143B4
:100970000020B4F1FD0C88BFBCF5E06F3FF6AFAED0
:10098000B5EB030C04BFB6EB020C5FEA500C50F160
:10099000000041EB045170BD0EF0004E4EEA1131E3
:1009A00014EB5C04C2BFD4EB0C0541EA045170BDEA
:1009B00041F480114FF0000E013C90E645EA060E2E
:1009C0008DE60CEA135594EA0C0F08BF95EA0C0F5C
:1009D0003FF43BAF94EA0C0F0AD150EA01347FF4A4
:1009E00034AF95EA0C0F7FF425AF104619462CE77B
:1009F00095EA0C0F06D152EA03353FF4FDAE1046DE
:100A0000194622E750EA410618BF52EA43067FF42E
:100A1000C5AE50EA41047FF40DAF52EA43057FF4BE
:100A2000EBAE12E74FEA4102B2F1E04324BFB3F567
:100A3000001CDCF1FE5C0DD901F0004C4FEAC00255
:100A40004CEA5070B2F1004F40EB830008BF20F039
:100A50000100704711F0804F21D113F13872BCBFF3
:100A600001F00040704741F480114FEA5252C2F148
:100A70001802C2F1200C10FA0CF320FA02F018BF91
:100A800040F001004FEAC1234FEAD32303FA0CFCE4
:100A900040EA0C0023FA02F34FEA4303CCE77FEA73
:100AA000625307D150EA01331EBF4FF0FE4040F4BD
:100AB0004000704701F0004040F0FE4040F400006C
:100AC000704700BF53B94AB9002908BF00281CBFAE
:100AD0004FF0FF314FF0FF3001F0DEB8ADF1080C00
:100AE0006DE904CE00F006F8DDF804E0DDE902234C
:100AF00004B070472DE9F047089D04468E46002B50
:100B00004DD18A42944669D9B2FA82F252B101FAC1
:100B100002F3C2F1200120FA01F10CFA02FC41EAD1
:100B2000030E94404FEA1C48210CBEFBF8F61FFA56
:100B30008CF708FB16E341EA034306FB07F19942F1
:100B40000AD91CEB030306F1FF3080F01F819942A4
:100B500040F21C81023E63445B1AA4B2B3FBF8F07E
:100B600008FB103344EA034400FB07F7A7420AD905
:100B70001CEB040400F1FF3380F00A81A74240F22D
:100B800007816444023840EA0640E41B00261DB198
:100B9000D4400023C5E900433146BDE8F0878B42CD
:100BA00009D9002D00F0EF800026C5E9000130468C
:100BB0003146BDE8F087B3FA83F6002E4AD18B4266
:100BC00002D3824200F2F980841A61EB0303012010
:100BD0009E46002DE0D0C5E9004EDDE702B9FFDEFC
:100BE000B2FA82F2002A40F09280A1EB0C014FEAA7
:100BF0001C471FFA8CFE0126200CB1FBF7F307FB04
:100C0000131140EA01410EFB03F0884208D91CEBA6
:100C1000010103F1FF3802D2884200F2CB80434643
:100C2000091AA4B2B1FBF7F007FB101144EA014422
:100C30000EFB00FEA64508D91CEB040400F1FF31B1
:100C400002D2A64500F2BB800846A4EB0E0440EA9F
:100C500003409CE7C6F12007B34022FA07FC4CEAA8
:100C6000030C20FA07F401FA06F31C43F9404FEA9B
:100C70001C4900FA06F3B1FBF9F8200C1FFA8CFEB0
:100C800009FB181140EA014108FB0EF0884202FA04
:100C900006F20BD91CEB010108F1FF3A80F08880C5
:100CA000884240F28580A8F102086144091AA4B282
:100CB000B1FBF9F009FB101144EA014100FB0EFE03
:100CC0008E4508D91CEB010100F1FF346CD28E4532
:100CD0006AD90238614440EA0840A0FB0294A1EBC3
:100CE0000E01A142C846A64656D353D05DB1B3EB20
:100CF000080261EB0E0101FA07F722FA06F3F14050
:100D00001F43C5E9007100263146BDE8F087C2F1F6
:100D10002003D8400CFA02FC21FA03F3914001436E
:100D20004FEA1C471FFA8CFEB3FBF7F007FB1036A7
:100D30000B0C43EA064300FB0EF69E4204FA02F453
:100D400008D91CEB030300F1FF382FD29E422DD9A6
:100D5000023863449B1B89B2B3FBF7F607FB1633DB
:100D600041EA034106FB0EF38B4208D91CEB01015B
:100D700006F1FF3816D28B4214D9023E6144C91ADB
:100D800046EA004638E72E46284605E70646E3E6EB
:100D90001846F8E64B45A9D2B9EB020864EB0C0EF5
:100DA0000138A3E74646EAE7204694E74046D1E704
:100DB000D0467BE7023B614432E7304609E76444B2
:100DC000023842E703685A004CBF43F0004323F067
:100DD00000431844704700BF2DE9F84329B34F1E64
:100DE000044615463E464FF0000808EB060101EBAD
:100DF000D171491004EBC1094846FFF7E3FF0346F0
:100E0000C80008308F42204409D0AB4209D8FFF710
:100E1000D9FF0138A8420AD201F10108E5E7AB4247
:100E200005D9884501D04E1EDFE74FF0000948463E
:100E3000BDE8F883012807D0022807D0044B00281A
:100E40000CBF1846002070470248704702487047A0
:100E50000D150008111500081515000830B5234BB5
:100E600083B004468D1E3BB301A92846AFF3008032
:100E7000E8B101992A46FFF7AFFF0146B8B1FFF785
:100E8000A1FF4B68A064012B2CD0002B01F10400C2
:100E900024DBFFF797FF0023C4E913030368002B4B
:100EA00011DBFFF78FFF2061002003B030BD00236E
:100EB0000920236103B030BD0D4B0E49C91AC9107A
:100EC00018460191D6E7C3F30360FFF7B3FF00288C
:100ED000206114BF0020092003B030BD0123C4E904
:100EE0001303DBE7002323610520DEE70000000099
:100EF000C00C0108500E01080368DA0710B504465B
:100F000006D49B0700F1480009D500F05BFC23687C
:100F1000590709D51A070ED5DB0613D510BD00F009
:100F200049FC23685907F5D404F1D00000F052FCC5
:100F300023681A07F0D404F5A87000F053FC236866
:100F4000DB06EBD404F5E870BDE8104000F08EBC81
:100F5000092070470346006800B11844704700BF7D
:100F6000704700BF70B504460E46316C2046FFF74F
:100F700075FF054688B9326C6261236932462146A5
:100F8000012098470828F0D0072806D12846316C60
:100F9000FFF7E6FF301D00F001FC0EF02FFB00BF55
:100FA0002DE9F0470D1DD0F80C80D0F818900746B9
:100FB00014460FCDADF5727D0DF10C0CACE80F00B1
:100FC0000FCDACE80F000FCDACE80F0095E80F0097
:100FD00002AE4FF0000E8CE80F00C6F800E020E0F3
:100FE000336C7B614FF4F07231467AA80EF066FBE9
:100FF0003B697AAA394650469847889B73642146D4
:10100000CDE9006905463B463A460120C047044603
:10101000E0B94FF4F0727AA930460EF04FFB082D7C
:101020001AD1316C3846FFF719FF09345FFA84FA98
:1010300005460028D4D0B36B73643A46CDE9006905
:101040003B464AF010010120C04700B1092528465F
:101050000DF5727DBDE8F087072DF7D12046316C84
:10106000FFF77EFF03A800F099FB00BF406C7047BC
:10107000F0B5CB6B0B6401F1040C0E460546BCE8E1
:101080000F00F9B001AC0FC4BCE80F000FC4BCE8FE
:101090000F000FC49CE80F004FF0FF3784E80F00EB
:1010A000009706E02B696A462946984708280446B7
:1010B00008D110992846FFF7D1FE0028F2D0092068
:1010C00079B0F0BD6846FFF717FF062CF7D131461F
:1010D0002846FFF747FF00BFC160D96B82611964E2
:1010E000002219465CE700BF70B5C66843690B640F
:1010F000AEB903690A4604460D46014602209847E8
:10110000072805D008280FD129462046FFF72AFFD7
:101110003046296CFFF724FF281D00F03FFB012219
:10112000FFF73EFF0EF06AFA0EF068FAC2681AB1D5
:10113000CA6B0A64002233E79AE700BF704700BF1A
:10114000836801460BB1012018477047012912D06E
:1011500009D873B90F2A0CD800EB820218465368DD
:10116000009A136070470339012994BF01200220BF
:101170007047022070470846704700BF00B585B031
:101180000A46002303A900911946FFF7DFFF0398E1
:1011900005B05DF804FB00BF012912D009D873B96E
:1011A0000F2A0CD800EB8200009A126842601846A1
:1011B00070470339012994BF0120022070470220A3
:1011C00070470846704700BF10B584B0002303ACD9
:1011D000039200940A461946FFF7DEFF04B010BDE3
:1011E00070B5D36B136402F1040C05460C46BCE8E1
:1011F0000F00ADF50E7D0DF15C0EAEE80F00BCE802
:101200000F00AEE80F00BCE80F00AEE80F009CE84E
:101210000F004FF0FF368EE80F00169610E0FFF734
:10122000D3FF214616A8A847034616AA69460820F8
:1012300083B9049B9847052806460CD0092809D095
:1012400026996846FFF70AFE03466A460C2116A84F
:10125000002BE4D0092616A8FFF74EFE30460DF508
:101260000E7D70BD2DE9F04FCC6C89B01E4654F850
:10127000043B06940D46174600F00308002E79D073
:101280001A0C1B0405938DF81D200223D2B204EB27
:1012900082048DF81C302B6DB8F1020F08BFAC6BC7
:1012A00013F001030CD005A9384600F079FB18B9FA
:1012B000082009B0BDE8F08F092009B0BDE8F08F23
:1012C000D4F800A0BAF1000FEDD0019300F00803AC
:1012D0000293022E4AD0B4F800A0B4F8029004346D
:1012E000AB6C29F0010B0F2138469B44FFF746FFFA
:1012F000834539D82AF001039B44834594BF0020DD
:1013000001204FEA490303F002030AF0010A43EA0D
:101310000A03012B49D0022B32D0002BCCD1B8F1DB
:10132000000F02D0002840F0CD800434D4F800A093
:10133000BAF1000FCDD105A9384600F031FB0028E5
:10134000BAD1019B002BB3D00F213846FFF716FF0F
:101350000E2102463846FFF737FF38466A4A0F210A
:10136000FFF732FF0720A8E70020CAE7D4F804906F
:101370000834B5E71B0205930323ADF81C308AE758
:10138000236823F0004BB8F1000F45D128B1029A31
:10139000002A5CD0BBF1000F74D0002B00DA0434BB
:1013A0000BF1010B04EB8B04C0E7B8F1000F19D16E
:1013B000B0B163682268991C4FEAD2723FF47CAFE7
:1013C00005F158010133049100F09080201DFFF7D2
:1013D000C1FD04AB014628460DF0A4FC00285BD1FA
:1013E0000834A3E70D213846D5F82090FFF7C6FE54
:1013F0008145F5D1AB6A9C42F2D12046FFF7E2FC71
:101400000F2102463846FFF7DFFE38462A46002104
:10141000FFF7DAFE072050E70D213846D5F8209077
:10142000FFF7ACFE814501D02368B6E7AB6A9C426A
:10143000FAD104230022C5E90B23E318C5F828B02C
:101440006B632368002B59DB01230193A8E705F1A7
:101450005803CDF80C8004F1040AB04691461E46AC
:101460000EE050460496FFF775FD0022014604ABDE
:10147000284609F101090AF1040A0DF053FCE0B90C
:10148000D945EED10D213846FFF778FE049BAC62BA
:10149000C5E90803062010E781460D213846FFF70D
:1014A0006DFEB9F1020F286225D12B46049A43F84C
:1014B0002C2F6B62AC620620FFE646462368DDF8FF
:1014C0000C806AE72046FFF77DFC04340246AC63DB
:1014D000284614460DF084FC00283FF4EDAE384653
:1014E00022460F21FFF770FE0720E6E60D21384661
:1014F000FFF744FE2862049B6B62DBE70BF10100FF
:1015000004EB80007AE700BF49F500080023A9E654
:101510000123A7E60223A5E62DE9F0430646C3B062
:1015200015461C46042900F2BF80DFE801F09E57F3
:10153000BD2D0300002C40F0B780102A00F2B480CB
:101540000368D80600F1F98020AF384600F098F91A
:10155000B46B394600234FF0010C0CFA03F22A4217
:10156000204603F1010303D050F8042B0A6004461F
:10157000042B01F10401F0D13846B46300F076F990
:10158000002043B0BDE8F083032C40F08D8094B27E
:1015900004EB1243102B4FEA124500F285800368DA
:1015A0001F0700F1D28020AF384600F03DF9B26B42
:1015B00007EBC50154B10B46D01A01EBC401E4009E
:1015C0001D5843F8045B8B42FAD122443846B2637B
:1015D00000F008F9002043B0BDE8F083012C4FEA89
:1015E000124895B25CD0052C5ED108EB0509B9F123
:1015F000200F59D8B8F10F0F79D9A946002D40F026
:101600008A80B36B6DB320AF4FF0000907EBC807BA
:10161000043F03EBC50553F8041B47F8041FAB4216
:10162000F9D1B9F1000F0FD06F464146102938BFEC
:10163000102107EBC101843903EBC90553F8040BF2
:1016400041F8040FAB42F9D1012C00F08680B8F1CB
:101650000F0FB56347D9B9F1000F02D0684600F00B
:10166000B9F8002043B0BDE8F083ECB9806B2346A5
:101670001FFA82FC0124371D04FA03F212EA0C0F50
:10168000014604D051F8042B47F8232008460133C3
:10169000102BF1D115F40055E3D1B063284604E0D6
:1016A00008EB0503102B03D9022043B0BDE8F083FB
:1016B000B8F10F0FF8D83368DA0706D5304623F0B3
:1016C000030340F8483B00F079F820AF384600F0BB
:1016D00075F8B36B002D97D11D460435B5633846B8
:1016E00000F068F8BDE720A800F06CF8B3E7B9F1A6
:1016F000100F40D9A9F110093368D90708D523F094
:101700000103304643F0020340F8483B00F05EF826
:10171000B9F1000F32D033685A0720D4B8F10F0F57
:1017200025D96F463846C8F1100500F057F8002D4E
:10173000B36B7FF77AAF20AF68E723F01003336015
:1017400006F5E87000F09CF8FEE623F0080303605D
:1017500000F5A87000F068F825E720AFBDE7304637
:1017600023F0040340F8D03B00F038F8D6E720A877
:1017700000F02CF8D5E74FF00009BDE7B8F10F0FE6
:101780003FF63FAF20AF384600F020F8B36B002D96
:101790007FF43AAF384600F015F862E700F1340103
:1017A00091E838009C46A6464CF8045D90E8FF0F8F
:1017B000E54600BD90EC210B704700BF80EC210B8B
:1017C000704700BF90EC200B704700BF80EC200BEF
:1017D000704700BFD0EC200B704700BFC0EC200B5F
:1017E000704700BFF0EC0201F0EC0211F0EC0221B6
:1017F000F0EC0231F0EC0241F0EC0251F0EC02614D
:10180000F0EC0271F0EC0281F0EC0291F0EC02A13C
:10181000F0EC02B1F0EC02C1F0EC02D1F0EC02E12C
:10182000F0EC02F1704700BFE0EC0201E0EC0211C5
:10183000E0EC0221E0EC0231E0EC0241E0EC02518C
:10184000E0EC0261E0EC0271E0EC0281E0EC02917C
:10185000E0EC02A1E0EC02B1E0EC02C1E0EC02D16C
:10186000E0EC02E1E0EC02F1704700BFB0FC018166
:10187000B0FC0191B0FC01A1B0FC01B1704700BF08
:10188000A0FC0181A0FC0191A0FC01A1A0FC01B180
:10189000704700BFEC4600B52DE900502DE9FF1F51
:1018A0004FF000032DE90C0001A9FFF7E1FBDDF883
:1018B00040E012B0704700BFEC4600B52DE9005083
:1018C0002DE9FF1F4FF000032DE90C0001A9FFF7E0
:1018D0000BFCDDF840E012B0704700BFEC4600B5ED
:1018E0002DE900502DE9FF1F4FF000032DE90C00FA
:1018F00001A9FFF71BFCDDF840E012B0704700BF04
:10190000EC4600B52DE900502DE9FF1F4FF0000314
:101910002DE90C0001ABFFF7DFFBDDF840E012B072
:10192000704700BFEC4600B52DE900502DE9FF1FC0
:101930004FF000032DE90C0001AAFFF751FCDDF880
:1019400040E012B0704700BF027A03467AB9427A8B
:10195000A2B14168013A10B44272086803220C1D1A
:101960001A7202025C60000E10BC1A6070470068B8
:10197000013A1A7202021A60000E7047B0207047D6
:1019800000B585B0002303AA009219460C22FFF788
:10199000DDFB039805B05DF804FB00BFF0E700BF76
:1019A0002DE9F043054685B00E464FF0000830465D
:1019B000FFF7CAFFB028044600F0BA80070620D51A
:1019C00000F0F003802B4DD0902B36D0A02B60D0B0
:1019D000B02B74D0C02B00F08B8000F0F803D02B1C
:1019E0000BD100F007020132052342F4002201214D
:1019F0002846FFF791FD0028D9D0092005B0BDE8A1
:101A0000F0838300DBB21F1D0DF10C090023194682
:101A1000CDF800900D222846FFF798FB039BCDF8E8
:101A2000009060064CBFDF1BFF1800230D221946F3
:101A300028460397FFF7B0FBB9E700F00D030D2B25
:101A4000DBD003AF002300F00F02194600972846B1
:101A5000FFF77CFB002300970D2219462846FFF76D
:101A60009BFBA4E73046FFF76FFF24022043B0F54D
:101A7000004FC2D004010023A2B219462846FFF746
:101A80004BFD0028B9D114F4004F18BF4FF00108E6
:101A90008DE7C24302F007034FF47F621A4101074A
:101AA00002F47F624FF0000348BF42F480421946BF
:101AB0002846FFF731FD00283FF479AF9DE7B128B4
:101AC0003BD0B22800F09380B32841D000F0FC0353
:101AD000B42B92D000F007020132012342F400221D
:101AE00019462846FFF718FD00283FF460AF84E749
:101AF000C6284AD0C72854D000F0F803C02B63D0C2
:101B0000C82868D0C9287FF478AF3046FFF71CFF9B
:101B1000020300F00F0002F47022013002430121A1
:101B200005232846FFF7F8FC00283FF440AF64E7A0
:101B3000B8F1000F18D0002060E73046FFF704FF2F
:101B4000024600283FF459AF10F0F003C8D054E724
:101B50003046FFF7F9FE020300F00F03013302F4F1
:101B600070221A430123BBE703AC43460E224146D1
:101B700000942846FFF7EAFA009443460F224146B4
:101B80002846FFF709FB404638E73046FFF7DCFE02
:101B9000020300F00F03013302F470221A430323FF
:101BA0009EE73046FFF7D0FE024600283FF425AFFF
:101BB00010F0F0037FF421AF04212846FFF7ACFCBE
:101BC00000283FF4F4AE18E700F00F0201320323BF
:101BD00042F4202284E73046FFF7B6FE00F0F00220
:101BE00000F00F031032013343EA023297E700237B
:101BF0000DF10C090D221946CDF800902846FFF78B
:101C0000A5FA3046FFF7A0FE02064FF002040CD5FD
:101C1000039B00F07F00A040184403903046FFF77C
:101C200093FE030604F10704F2D4039BCDF8009061
:101C300000F07F02A24003F501731A4400230392CF
:101C400019460D222846FFF7A7FAB0E610B5C26C78
:101C5000536884B04FF0030C08321C0208461B0E78
:101C600001A9019402928DF80CC08DF80D30FFF798
:101C700097FE04B010BD00BF08B5FFF78FFE806C63
:101C800008BD00BF08B5FFF789FEC06CC3790233F9
:101C900000EB830008BD00BF704700BF7047000025
:101CA00084B08DED010ACDED020A8DED031A9FED92
:101CB000020A04B0704700BF000000007047704780
:101CC0007047704770477047014B0360704700BF13
:101CD00054FA0008024A0260024A0260704700BFDC
:101CE000A0FA000854FA000810B504460C300BF0B6
:101CF000D1FD04F1BF000BF0CDFD04F5B9700BF080
:101D0000C9FD04F225200BF0C5FD10BD30B585B02E
:101D100005460C468DED010ACDED020A8DED031A44
:101D20000379042B21D0A74B1B78BFF35B8F13F0F3
:101D3000010F05D1A3480DF02CFB002840F0BD8019
:101D4000A14B1B78BFF35B8F13F0010F00F0C08035
:101D5000012C00F0EB80022C00F00581002C00F03B
:101D6000C8809FED9A0A05B030BD994B1B78BFF330
:101D70005B8F13F0010F03D195480DF00AFB68B992
:101D8000944B1B78BFF35B8F13F0010F11D0032C22
:101D900000F20081DFE804F01D3A57749FED8E0ACF
:101DA0000CF0D8FE8D4B83ED000A89480DF000FB46
:101DB000E6E788480DF0EDFA0028E8D09FED860AA6
:101DC0000CF082FE864B83ED000A82480DF0F0FA9B
:101DD000DDE7824B93ED000ADDED017A20EE670A24
:101DE0007F4B93ED007ADDED027A67EE877A30EE75
:101DF000270A95EDD17ADDED037A67EE877A30EE2A
:101E0000270ADFED787A20EE270AACE7734B93EDD3
:101E1000000ADDED017A20EE670A714B93ED007A3E
:101E2000DDED027A67EE877A30EE670A95EDD17ABA
:101E3000DDED037A67EE877A30EE270ADFED697A07
:101E400020EE270A8FE7654BD3ED007A9DED010A5E
:101E500020EE270A624B93ED007ADDED027A67EE01
:101E6000877A30EE670A95EDD17ADDED037A67EE79
:101E7000877A30EE270ADFED5B7A20EE270A72E7D9
:101E8000564BD3ED007A9DED010A20EE270A544B04
:101E900093ED007ADDED027A67EE877A30EE270A5D
:101EA00095EDD17ADDED037A67EE877A30EE270A79
:101EB000DFED4C7A20EE270A55E79FED4B0A0CF038
:101EC00049FE4A4B83ED000A3E480DF071FA37E7B0
:101ED0003D480DF05EFA00283FF43AAF9FED420A0C
:101EE0000CF0F2FD424B83ED000A37480DF060FA2A
:101EF0002EE73E4B93ED000ADDED017A20EE670AF6
:101F00003B4B93ED007ADDED027A67EE877A30EE97
:101F1000270A95EDD17ADDED037A67EE877A30EE08
:101F2000270ADFED307A20EE270A1CE72F4BD3ED8E
:101F3000007A9DED010A20EE270A2D4B93ED007AE1
:101F4000DDED027A67EE877A30EE670A95EDD17A99
:101F5000DDED037A67EE877A30EE270ADFED217A2E
:101F600020EE270AFFE69DED010ADFED187A20EE4C
:101F7000270ADDED027A30EE270A95EDD17ADDED04
:101F8000037A67EE877A30EE270ADFED167A20EEC5
:101F9000270AE8E69FED0D0AE5E60D480DF005FA83
:101FA0000CF09CFE0B480DF000FA0CF097FE054873
:101FB0000DF0FBF90CF092FE03480DF0F6F90CF071
:101FC0008DFE00BFEC080020F40800200000000097
:101FD000F0080020F8080020DB0F493F0C09002022
:101FE0001409002014793C44920A063F0809002095
:101FF0001009002000000000D0B52DED068B04462E
:10200000B0EE409AB0EE608AF0EE419A0379042B6C
:1020100059D0DFED7D7A60EE277A9FED7CAA60EEE5
:102020008A8A77EEE87A61EE0AAA77EEEA7A17EE04
:10203000900AFEF78DFA72A3D3E90023FEF7E0FAC7
:10204000FEF7F0FCC4F8E402DFED717A69EE277A5E
:10205000DFED700A28EE208A37EE888A9FED6E1A2F
:1020600029EE811A78EE017A17EE900AFEF770FADF
:1020700063A3D3E90023FEF7C3FAFEF7D3FCC4F849
:10208000E80229EE0A0A38EE800A7AEE807A17EE24
:10209000900AFEF75DFA5AA3D3E90023FEF7B0FADF
:1020A00006460F46D4F84403FEF752FA02460B46A2
:1020B00030463946FEF7CEFBFEF7B4FCC4F8EC021E
:1020C000BDEC068BD0BDF0EE618A544B1B78BFF39C
:1020D0005B8F13F0010F04D150480DF05AF900281E
:1020E00068D14F4B1B78BFF35B8F13F0010F6CD09F
:1020F0004C4BD3ED007A27EEC97A67EEC86A37EE0B
:10210000267A67EEA96A37EE267A67EEA87A77EE26
:10211000277A17EE900AFEF71BFA39A3D3E90023BA
:10212000FEF76EFAFEF77EFCC4F8E4023E4BD3EDF8
:10213000007A27EE897A67EEC86A37EE267A67EE6C
:10214000E96A37EE267A67EEA87A77EE277A17EEF5
:10215000900AFEF7FDF92AA3D3E90023FEF750FA0F
:10216000FEF760FCC4F8E80239EE081A31EE291ACD
:1021700071EE287A17EE900AFEF7EAF920A3D3E968
:102180000023FEF73DFA06460F4694EDD17AF1EEB4
:10219000007A67EE277A17EE900AFEF7D9F9024621
:1021A0000B4630463946FEF755FBFEF73BFCC4F8BC
:1021B000EC0285E79FED1D0A0CF0CCFC194B83ED7A
:1021C000000A16480DF0F4F88BE715480DF0E1F819
:1021D00000288DD09FED150A0CF076FC124B83ED94
:1021E000000A0F480DF0E4F882E70C480DF0DDF826
:1021F0000CF074FD0A480DF0D8F80CF06FFD00BF2C
:102200001111111189BB553FABAA2A3FABAAAA3EB7
:10221000000000003ACD13BF3ACD133FFC08002068
:1022200000090020180900201C090020DB0F493F8D
:1022300010B5044600F5377001F090FA84EDB80A45
:10224000F2EE047AB4EEE70AF1EE10FA05DB0023B1
:1022500084F8D8320023C4F8E03210BD10B504462B
:102260000C300BF0E3FC04F1BF000BF0DFFC04F5D5
:10227000B9700BF0DBFC04F225200BF0D7FC10BD8D
:1022800010B50446044B0360044B03604FF45671D1
:102290000CF022FD204610BDA0FA000854FA0008F8
:1022A00010B50446034B03604FF451710CF014FD5C
:1022B000204610BD54FA00080878104201D00020D2
:1022C000704702430A7022EA03020A700120704735
:1022D0000B78934202D00A700120704700207047AB
:1022E00070B52DED028B044690F8D8327BB15A1EA2
:1022F000D2B2012A13D900231D461E46C4F8246316
:10230000C4F82853C4F82C33BDEC028B70BD0023F5
:10231000C0F82433C0F82833C0F82C33F4E7022B7C
:102320001CD0D4EDBF0A94EDB90A04F10C000BF0F7
:10233000DDFA10EE106AD4EDC00A94EDBA0A04F189
:10234000BF000BF0D3FA10EE105A94F8D932012BDB
:1023500048D0022B68D083B30023CFE7D0F83C33BA
:102360001B6800EE103ADFED418A20EE280A0CF0DF
:10237000F1FBB0EE408AD4F83C331B6800EE103A13
:1023800020EE280A0CF0A0FBD4EDC27A28EE277AC2
:10239000D4EDC36A20EE266A37EE467A84EDBF7A22
:1023A00060EE277A28EE260A37EE800A84EDC00A0E
:1023B000D4F81033C4F80433B3E700222C49204684
:1023C000FFF786FF18B123685B6A20469847D4ED73
:1023D000C10A94EDBB0A04F5B9700BF087FA10EE50
:1023E000103A8BE70E23012221492046FFF764FFB4
:1023F00040B1D4F83C331B68C4F8303323685B6ABF
:1024000020469847D4F83C331B6800EE903ADFED45
:10241000191A9FED191A94EDCC0A04F225200BF03D
:102420006FFDD4F8613269E70D230222104920467E
:10243000FFF742FF40B1D4F83C331B68C4F8303397
:1024400023685B6A20469847D4F83C331B6800EE4B
:10245000903ADFED081A9FED081A94EDCC0A04F2C9
:1024600025200BF04DFDD4F8613247E735FA8E3C5C
:102470000409002000003343000033C37047704755
:1024800070477047704770470A784B7843EA0223D9
:10249000A0F8D43190F8DC21002A3ED090ED767A75
:1024A00007EE903AF8EEE77A77EEC77AFDEEE77A34
:1024B00017EE902A12B212F5805F25DAD0F81422B6
:1024C0000132C0F81422D0F8142203EB423207EE96
:1024D000902A90ED027AF8EEE77A77EEC77AFDEE71
:1024E000E77AF8EEE77A90ED877AC7EE876A90EDA3
:1024F000897AC6EE877AC0ED787A07EE903AF8EEE0
:10250000677AC0ED767A7047B2F5805FDBDDD0F890
:102510001422013AC0F81422D5E707EE903AF8EEFB
:10252000677AC0ED027A012280F8DC21E5E790F9B4
:102530002232B3F1FF3F11D0012B1FD08A78CB7824
:1025400043EA02231BB2D0ED896A07EE903AF8EE17
:10255000E77A87EEA67A80ED797A70478A78CB7829
:1025600043EA02231BB2D0ED896A07EE903AF8EEF7
:10257000E77A87EEA67A80ED797A70478A78CB7809
:1025800043EA02231BB207EE903AF8EEE77AC0ED79
:10259000797A7047D0F8EC31C0F8F031D0ED7D6A2F
:1025A000D0ED797A66EEA77AB1EE087A67EE877A8F
:1025B000B7EE007A37EE667AD0ED8A6A27EE267A91
:1025C00077EE877AC0ED7B7AC0ED8A7A70470A7918
:1025D0004B7943EA02231BB207EE903AF8EEE77A12
:1025E000C0ED807A704791F90630A0F80432704748
:1025F00090ED7B7AD0ED7C7A37EE677ADFED0D7A5D
:1026000027EE277AD0ED836AC7EE267AD0ED7D6A71
:1026100067EEA67AB7EE007A37EE667AD0ED8B6A6F
:1026200027EE267A77EE877AC0ED7F7AC0ED8B7A37
:10263000704700BF35FA8E3CB0F9202293B25B425E
:102640001BB2B0F90CC062451ADA8281B0F90C20D5
:10265000C369CB6008230B7483698B60037D0B71A6
:1026600003690B604FEA222C0379013B01EB430322
:1026700083F811C003795B00013B19444A74704729
:102680006345E3DD8381E1E738B504460D46036821
:102690001B6A984723685B6A294620469847236847
:1026A0009B6A204698472368DB6A2946204698475C
:1026B00023681B6B29462046984738BDD1ED007A28
:1026C000FDEEE77A17EE903A1BB207EE903AF8EE7D
:1026D000E77A9FED057A67EE877AFDEEE77A17EEE7
:1026E000903A18B2704700BF17B7513F034A0260D3
:1026F000034A0260034A0260704700BFB0FB000853
:102700006C02010870FB000810B5064C05E0A4F54A
:102710000C7423681B6820469847034B9C42F6D1F3
:1027200010BD00BFC00800100000001010B5044626
:10273000054B0360054B0360054B03604FF40C71C0
:102740000CF0CAFA204610BDB0FB00086C0201086C
:1027500070FB000870B52DED028B04469446B0EE78
:10276000408A474A026001710025858100F1100608
:102770009E46BEE80F000FC69EE8070086E80700E9
:1027800004F12C0EBCE80F00AEE80F00BCE80F000F
:10279000AEE80F009CE80F008EE80F004FF4BC720B
:1027A000069904F15C000CF089FFA4F8D4510023D1
:1027B000C4F8D83184F8DC51C4F8E031C4F8E4310D
:1027C000C4F8E831C4F8EC31C4F8F0312D4AC4F84B
:1027D000F4212D4AC4F8F821C4F8FC31C4F80032C1
:1027E000A4F80452C4F80852C4F80C32C4F81032E9
:1027F000C4F814524FF40052A4F81822234AC4F823
:102800001C224FF48042A4F82022FDEEC87A17EE75
:10281000902A84F82222C4F82432C4F82832C4F85A
:102820002C32F7EE007AB4EE678AF1EE10FA13D18B
:10283000012384F82232164B2360164B236094F94F
:102840002232012B13D0B3F1FF3F15D084ED898ADA
:102850002046BDEC028B70BDFFEE007AB4EE678AB5
:10286000F1EE10FAE7D1FF2384F82232E3E74FF0CC
:102870007E53C4F82432EBE7074BC4F82432E7E771
:1028800070FB0008CDCC0C3F9A99593F610BB641C3
:102890006C020108B0FB000800009841012800D03C
:1028A00070474FF6FF739942FAD130B583B0354C7B
:1028B000354B0093BFEE000A344B354A01212046C8
:1028C000FFF748FF334B0093BFEE000A324B334A09
:1028D000022104F50C70FFF73DFF314B0093BFEE72
:1028E000000A304B304A032104F58C60FFF732FFB9
:1028F0002E4B0093BFEE000A2D4B2E4A042104F507
:10290000D260FFF727FF2C4D2A462C4900200CF0FF
:102910006BF92B4C2B4B2360042323712A4BA360B0
:10292000002384F8D83284F8D9320023C4F8E43282
:10293000C4F8E832C4F8EC32C4F8F032C4F8F43227
:10294000C4F8F832C4F8FC32C4F80033C4F80433D5
:10295000C4F80833C4F80C33C4F81033C4F8303367
:102960001A4B23601A4BC4F844331A4B04F5527CBB
:102970000FCB8CE80F002A46174920460CF034F99B
:1029800003B030BD00000010C8010020700300201B
:102990004003002050050020F8060020C806002053
:1029A0008C030020340500200405002004000020D2
:1029B000AC0100207C010020000000200927000855
:1029C0002409002054FA0008E3A59B3DA0FA000862
:1029D000CDCCCC3E10FA0008D51C00082DE9F84FEC
:1029E0002DED028B002403E064300AF053FF013424
:1029F000032C0FD857484FF40C7303FB040090F8D6
:102A0000D131022BF0D0042BF1D100F217100AF0D3
:102A100041FFECE7504C2046FFF766F94FF0B30951
:102A20004A46002104F10C000CF056FEB2EE0E8A6C
:102A300084ED048ADFF858B1C4F814B04FF07F5821
:102A4000C4F818804FF080466665444FA7654FF084
:102A50007E53A366424DE5664FF0730AA4F8ACA01E
:102A60004A46002104F1BF000CF036FE18EE103A81
:102A7000C4F8C330C4F8C7B0C4F8CB80C4F8076149
:102A8000C4F80B71374BC4F81731C4F81F514FF01D
:102A9000000884F85FA184F860814A46414604F545
:102AA000B9700CF019FE304BC4F876312F4BC4F8D6
:102AB0007A312F4BC4F87E31C4F8BA61C4F8BE71C4
:102AC000284BC4F8CA31C4F8D251A4F812A24A461D
:102AD000414604F225200CF0FFFD264BC4F82932B4
:102AE000254BC4F83132254BC4F86D32244BC4F861
:102AF0007132C4F87562C4F88552522384F8C53225
:102B000084F8C68201211F480BF056FDC4F8340337
:102B100001211D480BF050FDC4F83803042007F0D4
:102B200081FBC4F83C0358B10C2007F07BFB0A4B37
:102B3000C3F8400348B10120BDEC028BBDE8F88F1B
:102B40005821124801F028FAEEE75A210F4801F007
:102B500023FAF0E7000000102409002000008C4256
:102B60009A99593F9A99993F44E913414A0CB941BE
:102B7000B7B4EA3ECDCC4C3D75029A3C6666E63F62
:102B800000002041CCFA0008DCFA0008ECFA00084A
:102B90000000C84130B589B00546002409E04FF473
:102BA0000C7004FB00F02B58DB6901A928449847FE
:102BB0000134032CF3DD019B0C4A934204D00C4AF0
:102BC00093420AD009B030BD00234FF0FF3201A973
:102BD0000848006807F04AFDF4E700234FF0FF3291
:102BE00001A90548006807F041FDEBE788110020C6
:102BF000B0110020401000204810002030B52DED0D
:102C0000028B85B00446D0F834138B686846984729
:102C100002AB0098019903C3B1F1FF3F01D0C4F8A2
:102C20003C0394F8D832032B00F2D380DFE803F0A2
:102C3000021044A5002322799A4240F2CA80694AD0
:102C40004FF40C7101FB0322002191810133F2E763
:102C500023689A6A634B03F67C0503F24C6003F227
:102C60001C41D5ED001A90ED001AD1ED000A93ED4C
:102C70007B0A2046904723685B69204698470025D9
:102C80002379AB4240F2A5802368DB6894EDC90A42
:102C9000D4EDCA0A94EDCB1A294620469847514AEA
:102CA0004FF40C7305FB03F3D01880ED730AD3586F
:102CB0009B6998470135E3E723689A6A494B03F615
:102CC0007C0503F24C6003F21C41D5ED001A90ED37
:102CD000001AD1ED000A93ED7B0A20469047D4F804
:102CE0003C331B6800EE103ADFED3F8A20EE280AE5
:102CF0000BF030FFB0EE408AD4F83C331B6800EE96
:102D0000103A20EE280A0BF0DFFED4EDB96A68EE27
:102D1000267A94EDBA7A20EE076A77EEC67AC4ED89
:102D2000BC7A20EE260A28EE078A30EE080A84EDE7
:102D3000BD0AD4F8EC32C4F8F83223685B69204647
:102D4000984700252379AB4243D92368DB6894ED8B
:102D5000C90AD4EDCA0A94EDCB1A294620469847F1
:102D6000204A4FF40C7305FB03F3D01880ED730A6F
:102D7000D3589B6998470135E4E70025C4F8FC5215
:102D8000C4F80053C4F80453C4F80853C4F80C53EF
:102D9000C4F8105323685B69204698472379AB42F7
:102DA00017D92368DB6894EDC90AD4EDCA0A94EDFB
:102DB000CB1A2946204698470A4A4FF40C7305FB64
:102DC00003F3D01880ED730AD3589B6998470135F7
:102DD000E4E70448FFF7DEFE012005B0BDEC028BFE
:102DE00030BD00BF0000001035FA8E3C10B5FFF773
:102DF000F5FD054C2046FFF71BFA2046FFF7FEFEC7
:102E0000012006F075FFF4E72409002008B54FF60D
:102E1000FF710120FFF742FD08BD000010B502213F
:102E2000084800F045FD044648B1002120460AF05C
:102E3000F7F90AF057FA022006F05AFFF9E708F00E
:102E4000E1F8F2E70000024010B5064C064B9C4248
:102E500006D0A4F50F7423681B6820469847F5E751
:102E600010BD00BF38100020FC0D0020012800D04C
:102E700070474FF6FF739942FAD12DE9F041364C75
:102E8000364B23604FF0010884F804800027A781A7
:102E900004F11005324E0FCE0FC596E8070085E805
:102EA000070004F12C0C2F4D0FCDACE80F000FCD17
:102EB000ACE80F0095E80F008CE80F004FF4BC72EF
:102EC000294904F15C000CF0F9FBA4F8D47100234B
:102ED000C4F8D83184F8DC71C4F8E031C4F8E431C6
:102EE000C4F8E831C4F8EC31C4F8F0311F4AC4F832
:102EF000F4211F4AC4F8F821C4F8FC31C4F80032A8
:102F0000A4F80472C4F80872C4F80C32C4F8103281
:102F1000C4F814724FF40052A4F81822154AC4F8E9
:102F20001C22A4F8207284F82282C4F82432C4F847
:102F30002832C4F82C32104B236041F27073C4F86D
:102F40003432072384F838320C4A0D4938460BF0E6
:102F50004BFEBDE8F08100BFFC0D002070FB0008B7
:102F60004407002014070020840C0020CDCC0C3F27
:102F70009A99593F610BB6411402010800000020E4
:102F8000492E000830B589B005460024002C0ADC23
:102F90004FF40F7004FB00F02B58DB6901A92844A3
:102FA00098470134F2E7019B0C4A934204D00C4A43
:102FB00093420AD009B030BD00234FF0FF3201A97F
:102FC0000848006807F052FBF4E700234FF0FF3297
:102FD00001A90548006807F049FBEBE788110020CC
:102FE000B0110020401000204810002010B5064C01
:102FF0009FED060A20460AF01BFF2046FFF7C2FF9E
:10300000012006F075FEF2E7FC0D002000004843A9
:1030100008B54FF6FF710120FFF728FF08BD00003B
:1030200010B5A82000F062FB00F084FC0D4C0023DA
:103030001A461946204600F06DFA00231A460C2164
:10304000204600F067FA084C00231A4672212046F9
:1030500000F060FA00231A467E21204600F05AFA5A
:1030600010BD00BF88110020B011002070B5B6B0AF
:103070002426324600212DA80CF02EFB304B2D9338
:103080004FF400753295182433942DAA00212D4851
:1030900006F0B8FD2C4B18603246002124A80CF035
:1030A0001BFB2A4B249329952A9424AA0021284803
:1030B00006F0A8FD274B1860324600211BA80CF033
:1030C0000BFB254B1B93209521941BAA0021234821
:1030D00006F098FD224B18603246002112A80CF031
:1030E000FBFA204B12931795189412AA00211E4840
:1030F00006F088FD1D4B1860324600210DEB0600DE
:103100000CF0EAFA1A4B09930E950F940DEB060298
:103110000021184806F076FD174B18603246002152
:1031200068460CF0D9FA154B0093059506946A464B
:103130000021134806F066FD124B186036B070BDD2
:10314000ECFB00086533000854100020FCFB00086D
:10315000993200083C10002014FC0008E1320008FD
:10316000441000202CFC0008ED2F0008800C0020EB
:1031700040FC0008ED2D00082009002054FC000848
:103180001D2E00087C0C002008B572B6FFF748FF22
:103190000849094800F07AF90849094800F076F929
:1031A00000F010F8FFF71AFCFFF760FF08F0BAFD17
:1031B00062B608BDF5310008881100205D320008B4
:1031C000B011002008B500221C21102007F02AFAB7
:1031D000064B186000221C21102007F023FA044B34
:1031E00018600BF0CBF9012008BD00BF4010002093
:1031F0004810002008B5C3687BB94368A3F20123D7
:10320000032B0AD8DFE803F0020A141E124B1A68D7
:10321000926800F128011846904708BD0E4BD3F87C
:103220003022926800F1280103F50C709047F4E712
:10323000094BD3F86024926800F1280103F58C60F3
:103240009047EAE7044BD3F89026926800F12801F2
:1032500003F5D2609047E0E70000001010B5044687
:103260008368C3F30F22092A0AD0A06820F07844AB
:10327000C0F3C1600AF0F2FC20460AF0FAFC10BD6F
:10328000DBB2012BF1D1034803689B6804F12801EC
:103290009847EAE7FC0D002000B589B005E001A8D9
:1032A00000F0E6F9012006F023FD002201A90A4BF7
:1032B000186807F034FB0128F4D1084801F0D8FC65
:1032C00010F0FF0FF9D09DF80830002BE7D001A8CF
:1032D00000F0B6F9E6E700BF40100020881100209A
:1032E00000B589B005E001A800F0C2F9012006F0A0
:1032F000FFFC002201A90A4B186807F010FB012807
:10330000F4D1084801F0B4FC10F0FF0FF9D09DF89B
:103310000830002BE7D001A800F092F9E6E700BFE3
:1033200048100020B0110020A0B1026AA2B110B56F
:1033300090470B4B186888B108F0C6F8012801D0F7
:1033400001200CE0064C206807F05CFE002323609F
:10335000012004E00020704700207047012010BDCC
:103360005410002000B58BB0404B06AC0FCB84E866
:103370000F00204600F052FB3D4B186000282ED075
:1033800004AB3C4A92E8030083E8030018460AF0C5
:103390009BFE044630B314222146354B186809F0D1
:1033A0008BFD354B186000B3334B1B689868C368BE
:1033B0009847042006F036FF304B5860C0B10C200F
:1033C00006F030FF2D4BD860B8B12D480BF0E0F877
:1033D0002A4C20602B480BF0DBF8A06040E007F09F
:1033E00011FECDE707F00EFED5E707F00BFEDBE799
:1033F0007B21254800F0D0FDE1E77D21224800F047
:10340000CBFDE2E7C36998471B4D2B681A691B4C3B
:10341000636892681A6063680293042303932068C8
:10342000866802AB93E80600B0472B681A69E36828
:1034300012681A602B681969E268496851601A6954
:10344000E36892689A60E36800930C230193A06894
:1034500084686B4693E80600A047012006F048FC0C
:10346000054B18680028CDD1F7E700BF20FA000807
:103470005010002030FA00084C1000205810002096
:10348000CCFA0008DCFA000868FC000838B50D46E4
:103490000446D8B1204601F007FBE0B901212046DF
:1034A00001F0C8FCD0B90221204601F0C3FCC0B92C
:1034B0001021204601F0BEFCB0B92368104A9342A7
:1034C00015D0104A934216D0012038BD17210E485E
:1034D00000F062FDDEE700F0E6FCDFE700F0E3FC71
:1034E000E1E700F0E0FCE3E700F0DDFCE5E7074B97
:1034F0001D600020E9E7064B1D600020E5E700BFE6
:103500000064004000680040B8FC000884100020FF
:1035100088100020F0B58BB00C4615461E460746B5
:1035200010B314F0020F24D0EB040093630003F0F7
:10353000060343EAC5050195F204029243EAC60375
:103540000393E3080593C4F38004049401230893D0
:103550000022069207930E2309936946384601F02C
:103560009FF980B90BB0F0BD4421084800F014FD6C
:10357000D7E76D010095620002F006020192760124
:1035800002960392DDE700F08EFCEBE7B8FC000842
:1035900038B504460F4B984203D00F4B9C420CD0D9
:1035A00038BD0E4D05F128032A1D002101F07AFBDC
:1035B0000B4B1B6828469847EFE7084D05F1280399
:1035C0002A1D0021204601F06DFB064B1B68284692
:1035D0009847E5E788110020B0110020BC100020BA
:1035E000841000208810002038B504460F4B984204
:1035F00003D00F4B9C420CD038BD0E4D05F1280373
:103600002A1D012101F04EFB0B4B1B6828469847F1
:10361000EFE7084D05F128032A1D0121204601F09E
:1036200041FB064B1B6828469847E5E788110020B8
:10363000B01100208C100020841000208810002081
:1036400000B587B00246C3680193002300930421AC
:1036500002910393017C04918DF81430034653F8D2
:10366000080B1132694601F04DFA07B05DF804FB12
:1036700000B589B0024600230193C168029103930B
:1036800004930593017C06918DF81C3052F8110BC0
:1036900001AB02A901F036FA09B05DF804FB0000A5
:1036A0000E4B1B78C3B982B00C4B01221A700C4B25
:1036B0005B680193019A0B4B1B689A4203D20A4A3A
:1036C000136801331360064B5A68064B1A60034BAC
:1036D00000221A7002B07047704700BF30110020FE
:1036E000001000E0201100202411002008B5124A2B
:1036F000D2F8FC3043F08073C2F8FC300F4B00214D
:1037000059601A6842F001021A600D4B03FB00F089
:103710000C4B18600C4BA3FB00239B090B4A136056
:103720000B4BA3FB0030800C0A4B18600A4B19604E
:10373000FFF7B6FF08BD00BF00ED00E0001000E09D
:1037400040420F0008110020D34D62100C110020E0
:1037500083DE1B43101100202411002008B52DED3D
:10376000028B0B4B5A680368D31A07EE903AF8EEB7
:10377000677A084B93ED007AB8EE477A87EE878A2E
:103780000260FFF78DFFB0EE480ABDEC028B08BD6A
:10379000001000E0081100202DE9F04182B0274B15
:1037A0005B680193FFF77CFF254B1C6800266508CA
:1037B000E3071B1B65F10005DB186D411C1945F182
:1037C0000005019BE41845F100071E4B1C605F607B
:1037D0001D4B1D682A46334620463946FDF772F9CF
:1037E0001A4A10605160A5FB003205FB0125E41A5E
:1037F00067EB0505164B1C605D60DFF86480C8F858
:103800000000144B1F683A46334620462946FDF710
:1038100059F980B2A8F8040007FB00F0201A65F1FE
:1038200000010D4B186059600C4B1A683346FDF7C8
:1038300049F9A8F8060002B0BDE8F081001000E0E8
:10384000241100201811002008110020F010002081
:10385000F81000200C110020001100201011002091
:103860002811002008B5FFF797FF074A10689388D2
:103870004FF47A7101FB03F3044901FB0033D08854
:103880001844002108BD00BF2811002040420F004D
:1038900008B502F0A7F9012008BD08B502F086F9C5
:1038A000012008BD08B502F06DF9012008BD000037
:1038B00038B505460C4618200BF0E0FE0346A8B1CB
:1038C0000022026042608260C26002614261056063
:1038D0008480074A8260074AC260074A026107493A
:1038E0000A78501C0870064941F82230184638BD45
:1038F000A53800089B380008913800085C110020AA
:103900003411002008B50146002300E00133074AC6
:1039100012789A4209D9064A52F8230082888A42CC
:10392000F4D14269002AF1D0904708BD5C11002013
:103930003411002008B508F0C9FB08BD10B310B55C
:1039400082B0044600230193006803681A6801925C
:103950005B680193019B04F007F8E1882368DB6B47
:103960001B685B68C91A89B2084B1980E3685BB1B0
:1039700020469847E288A168206804F0E3FA012015
:1039800002B010BD002070470020F9E7821100202E
:1039900050B138B50446006840B10025456106F0D5
:1039A000BFFC2560012038BD002070470020FAE7E9
:1039B00068B310B582B0024601900024154B1B7805
:1039C000A34221D9144B53F82430934202D001343E
:1039D000E4B2F3E701A8FFF7DBFF07E0621C0E4B40
:1039E00053F8222043F824200134E4B2094B1B7819
:1039F0005A1E9442F2DB0849002041F82200134687
:103A0000044A1370012000E0002002B010BD002025
:103A1000704700BF801100206011002070B582B097
:103A20000446002840D0244B187807283ED80023AD
:103A3000984209D92168214A52F8232012689142FC
:103A400036D00133DBB2F3E7182006F0EBFB054676
:103A500000282ED00026066046608660C66006619B
:103A60004661E2883146A0680BF036FE94E80F000C
:103A700085E80F00124B6B61019603681A6801928A
:103A80005A680192019ADA6842F01002DA60EA8814
:103A9000A968286804F056FA074A1378591C11706F
:103AA000064A42F8235004E0054602E0002500E003
:103AB0000025284602B070BD801100206011002052
:103AC000B139000860B108B502681268126812F0D6
:103AD000100F01D1002008BDFFF730FF0120FAE7E9
:103AE0000020704708B50D480D4B03600323436069
:103AF00000238360C3604FF4002202614FF4401240
:103B00004261037643768376C3760377437700F08A
:103B100051FD00B908BD00F0C6F9FBE7881100208F
:103B20000064004008B50D480D4B0360032343605B
:103B300000238360C3604FF4002202614FF44012FF
:103B40004261037643768376C3760377437700F04A
:103B500031FD00B908BD00F0A6F9FBE7B011002067
:103B60000068004010B58AB00023059306930793C0
:103B7000089309930368464A934204D0454A934206
:103B80003CD00AB010BD444A136801331360012BC6
:103B900027D000240194414B1A6B42F008021A63AB
:103BA0001B6B03F008030193019B0323059302227F
:103BB000069208930923099305A9394801F06AFE82
:103BC00022460521142001F0A7FA142001F0EAFA98
:103BD00022460521152001F09FFA152001F0E2FA96
:103BE000CFE7002300932D4B1A6C42F000721A6449
:103BF0001B6C03F000730093009BCAE70023029341
:103C0000264B1A6C42F080621A641B6C03F08063CE
:103C10000293029B204A136801331360012B29D0C1
:103C2000002404941D4B1A6B42F002021A631B6BB2
:103C300003F002030493049B4FF4405305930223C3
:103C40000693032308930923099305A9154801F056
:103C500021FE22460521402001F05EFA402001F0BD
:103C6000A1FA22460521412001F056FA412001F037
:103C700099FA86E700230393084B1A6C42F000720E
:103C80001A641B6C03F000730393039BC8E700BF27
:103C900000640040006800408411002000380240A9
:103CA000000C02400004024010B582B000240094D1
:103CB0001E4B1A6B42F480021A631A6B02F48002E4
:103CC0000092009A01941A6B42F400121A631B6B63
:103CD00003F400130193019B224605210D2001F0FE
:103CE0001BFA0D2001F05EFA22460521102001F09A
:103CF00013FA102001F056FA22460521112001F096
:103D00000BFA112001F04EFA224605213A2001F06B
:103D100003FA3A2001F046FA22460521462001F036
:103D2000FBF9462001F03EFA02B010BD0038024017
:103D300008B50AF05FFC024B186805F0C1FFFAE70E
:103D4000D811002008B5044A0021044805F05AFFA4
:103D5000034B186008BD00BF0CFD0008313D000892
:103D6000D8110020F0B58DB0002407940894099470
:103D70000A940B940094434B1A6B42F020021A638E
:103D80001A6B02F020020092009A01941A6B42F022
:103D900080021A631A6B02F080020192019A029467
:103DA0001A6B42F001021A631A6B02F001020292CE
:103DB000029A03941A6B42F010021A631A6B02F013
:103DC00010020392039A04941A6B42F002021A63DF
:103DD0001A6B02F002020492049A05941A6B42F0E4
:103DE00004021A631A6B02F004020592059A069403
:103DF0001A6B42F008021A631B6B03F00803069368
:103E0000069B214F22464FF48071384601F0CEFECA
:103E10001E4E01224FF48051304601F0C7FE4FF490
:103E2000807307930125089509940A9407A93846D9
:103E300001F030FD022307934FF48813089309948F
:103E400007A9134801F026FD4FF400630793089477
:103E5000099507A9304601F01DFD4FF480530793E3
:103E60000895099503230A9307A9304601F012FD2E
:103E700022460521072001F04FF9072001F092F9B1
:103E80000DB0F0BD003802400014024000100240A6
:103E90000000024008B50368B3F1804F00D008BDB0
:103EA00000F062FBFBE772B6FEE7000000B595B0DC
:103EB0003022002108A80BF00FFC00230393049389
:103EC0000593069307930193204A116C41F08051AA
:103ED0001164126C02F080520192019A02931C4B01
:103EE0001A6842F480421A601B6803F4804302930C
:103EF000029B012308934FF48033099302230E930E
:103F00004FF480020F9204221092A8221192129371
:103F10000723139308A802F0D3FC98B90F23039347
:103F200002230493002305934FF4A05306934FF408
:103F300080530793052103A802F0AAFF20B915B00A
:103F40005DF804FBFFF7AFFFFFF7ADFF003802405D
:103F50000070004008B500F0EDFAFFF7A7FFFFF78B
:103F600001FFFFF7A1FEFFF7BDFDFFF7DBFD00F04E
:103F700069F900F04DF900F07FF9FFF705F90549FF
:103F8000002008F01DF805F00FFEFFF7DBFE05F03E
:103F90001DFEFEE730FD0008FEE7000000B583B01F
:103FA000002200920D4B596C41F480415964596CC8
:103FB00001F48041009100990192196C41F0805107
:103FC00019641B6C03F080530193019B0F216FF068
:103FD000010001F0A1F803B05DF804FB00380240D5
:103FE00030B589B0044600230193224B1A6C42F08D
:103FF00001021A641B6C03F001030193019B02A9E7
:1040000003A803F079F8069BD3B903F055F80346EB
:104010001948A0FB03239B0C013B18484FF080423A
:10402000026040F2E732C2604360002303618360B4
:10403000836103F025FA054630B1284609B030BD4A
:1040400003F03AF84300E3E70C4803F075F805463F
:104050000028F2D11C2001F0A5F80F2C01D9012570
:10406000EBE7002221461C2001F056F8044B1C60AF
:10407000E3E700BF0038024083DE1B43DC11002071
:1040800068070020FEE7FEE7FEE7FEE7FEE7704771
:1040900008B5022001F0BCFD08BD000008B50248CB
:1040A00001F00AFB08BD00BF2812002008B5024835
:1040B00001F002FB08BD00BF4813002008B502480C
:1040C00001F0FAFA08BD00BFA813002008B50248A5
:1040D00000F0DFFE08BD00BF8811002008B50248CF
:1040E00000F0D7FE08BD00BF8811002008B50248C7
:1040F00003F0AAF808BD00BFDC11002008B5044891
:1041000003F02EFD034B1868FFF7DCFC08BD00BF71
:10411000081400203810002008B5024803F020FDE4
:1041200008BD00BF5014002008B5044803F018FD76
:10413000034B1868FFF7C6FC08BD00BF98140020A9
:104140005010002008B5024801F0B6FA08BD00BFC3
:104150008812002008B5024800F09BFE08BD00BF91
:10416000B011002008B5024800F093FE08BD00BF62
:10417000B011002008B5024802F099F808BD00BF50
:10418000D843012008B5024801F096FA08BD00BFE7
:10419000E81200200120704708B50BF045FA1623FD
:1041A00003604FF0FF3008BD08B54FF0FF31FFF757
:1041B000F3FFFEE710B503460C4A0D490D480068B1
:1041C00040B10C4800680344521A934206D8094A89
:1041D000136010BD0748084C0460F2E70BF024FAA6
:1041E0000C2303604FF0FF30F3E700BF0000022014
:1041F0000004000024120020F84A0120034AD2F8EB
:10420000883043F47003C2F88830704700ED00E056
:1042100008B50A480A4B03604FF4E13343600023BA
:104220008360C36003610C2242618361C36103F058
:1042300005FB00B908BDFFF736FEFBE79814002028
:10424000004C004008B50A480A4B03604FF4E133C4
:10425000436000238360C36003610C224261836179
:10426000C36103F0EBFA00B908BDFFF71CFEFBE7E2
:10427000081400200010014008B50A480A4B0360EA
:104280004FF4E133436000238360C36003610C2279
:1042900042618361C36103F0D1FA00B908BDFFF741
:1042A00002FEFBE7501400200044004030B58DB002
:1042B000044600230793089309930A930B9303681A
:1042C0008B4A934208D08B4A93424AD08A4A9342FF
:1042D00000F0AB800DB030BD00250195874B1A6C06
:1042E00042F400221A641A6C02F400220192019A2C
:1042F00002951A6B42F004021A631B6B03F004036D
:104300000293029B4FF44063079302230893032315
:104310000A9308230B9307A9794801F0BBFA79485F
:10432000794B03604FF0006343608560C5604FF4D4
:104330008063036145618561C5610562456200F086
:10434000C9FF58B96F4BE3639C63002205213420F9
:1043500000F0E2FE342000F025FFBBE7FFF7A3FDED
:10436000F0E700250395654B5A6C42F010025A6441
:104370005A6C02F010020392039A04951A6B42F0F1
:1043800001021A631B6B03F001030493049B4FF4B7
:10439000C06307930223089303230A9307230B9315
:1043A00007A95A4801F076FA59485A4B03604FF072
:1043B0000063436040238360C5604FF48063036102
:1043C00045618561C5614FF480330362456200F049
:1043D00081FF20BB4E4BA3639C634F484F4B036050
:1043E0004FF00063436000238360C3604FF480623A
:1043F000026143618361C3614FF4803202624362B0
:1044000000F068FF70B9444BE3639C630022052110
:10441000252000F081FE252000F0C4FE5AE7FFF7BA
:1044200042FDD7E7FFF73FFDEDE700250595334B4C
:104430001A6C42F400321A641A6C02F400320592CB
:10444000059A06951A6B42F008021A631B6B03F07B
:1044500008030693069B6023079302230893032314
:104460000A9307230B9307A92D4801F013FA2D484F
:104470002D4B03604FF0006343608560C5604FF4CF
:1044800080630361456185614FF48073C361056298
:10449000456200F01FFF28BB224BE3639C63234867
:1044A000234B03604FF0006343604023836000238D
:1044B000C3604FF480620261436183614FF4807294
:1044C000C2610362436200F005FF70B9174BA3633A
:1044D0009C6300220521262000F01EFE262000F00D
:1044E00061FEF7E6FFF7DFFCD6E7FFF7DCFCEDE760
:1044F000004C0040001001400044004000380240E1
:1045000000080240281200204060024000000240E3
:10451000E8120020B8640240881200204064024083
:10452000000C02404813002088600240A8130020BD
:10453000A060024008B50B4B1A6842F400721A6082
:104540001A6842F480621A601A6842F480721A6033
:10455000032000F0C3FD0F20FFF742FDFFF71EFD13
:10456000002008BD003C0240034A1168034B1B7841
:104570000B441360704700BFE01400206407002064
:10458000014B1868704700BFE014002038B504469E
:10459000FFF7F6FF0546B4F1FF3F02D0044B1B784E
:1045A0001C44FFF7EDFF401BA042FAD338BD00BF0B
:1045B00064070020002800F0718138B504460368C4
:1045C000824A934208D002F58062934204D04FF4AD
:1045D0008F717F48FFF7E0FC237E012B00F296806D
:1045E000637E012B00F29880A37E012B00F29A805B
:1045F000E37E012B00F29C80237F012B00F29E8042
:10460000637F012B00F2A080A3684BB1B3F1804F10
:1046100006D0B3F1004F03D0B3F1404F40F09A8081
:10462000E3684BB1B3F1807F06D0B3F1007F03D0D4
:10463000B3F1407F40F09480236963B3B3F5803FCA
:1046400029D0B3F5003F26D0B3F5403F23D0B3F5D2
:10465000802F20D0B3F5A02F1DD0B3F5C02F1AD0D6
:10466000B3F5E02F17D0B3F5002F14D0B3F5102F0A
:1046700011D0B3F5202F0ED0B3F5302F0BD0B3F5FA
:10468000402F08D0B3F5502F05D0B3F5602F02D0DE
:10469000B3F5702F6AD16369A3B1B3F5801F11D050
:1046A000B3F5001F0ED0B3F5401F0BD0B3F5800F4C
:1046B00008D0B3F5A00F05D0B3F5C00F02D0B3F505
:1046C000E00F59D16368013BB3F5806F5AD294F87B
:1046D0002030002B5CD02268136843F00103136084
:1046E000FFF74EFF054623685A6812F0010F53D1B9
:1046F000FFF746FF401B0A28F5D9636A43F40033ED
:104700006362052384F82030012038BD40F21F1178
:104710002F48FFF741FC63E74FF490712C48FFF7F7
:104720003BFC61E740F221112948FFF735FC5FE7C8
:104730004FF491712648FFF72FFC5DE740F22311FB
:104740002348FFF729FC5BE74FF492712048FFF7FD
:1047500023FC59E740F225111D48FFF71DFC5FE7D8
:104760004FF493711A48FFF717FC65E740F22711E1
:104770001748FFF711FC8EE74FF494711448FFF7C8
:104780000BFC9FE740F229111148FFF705FC9EE75B
:104790002046FFF7E7F99EE71A6822F002021A6046
:1047A000FFF7EEFE054623685A6812F0020F11D09B
:1047B000FFF7E6FE401B0A28F5D9636A43F400338D
:1047C0006362052384F8203001209EE700640040E6
:1047D00050FD0008227E012A3DD01A6822F0800296
:1047E0001A60637E012B3BD02268136823F04003DC
:1047F0001360A37E012B39D02268136823F02003B5
:104800001360E37E012B37D02268136843F0100356
:104810001360237F012B35D02268136823F008032F
:104820001360637F012B33D02268136823F00403E5
:104830001360A368E2681343226913436269134358
:104840006268013A21681343CB6100206062012352
:1048500084F8203059E71A6842F080021A60C0E7F5
:104860002268136843F040031360C2E722681368AC
:1048700043F020031360C4E72268136823F0100399
:104880001360C6E72268136843F008031360C8E7A3
:104890002268136843F004031360CAE701207047DD
:1048A00090F82030013BDBB2012B05D9436A43F479
:1048B000802343620120704770B50C460B68B3F546
:1048C000803F80F083806368B3F5803F80F0848010
:1048D000A368B3F5803F80F08580E368B3F5803F3F
:1048E00080F08680A369012B00F28880E369012BA8
:1048F00000F28A802369012B00F28C80236A012B4D
:1049000000F28E8063691B2B00F29080636A1B2B80
:1049100000F29280624BD3F8002242F00102C3F809
:104920000022D3F8002222F47C52C3F80022D3F8EC
:104930000022616A42EA0122C3F80022626902F0A1
:104940001F02012101FA02F2D3F81C12D04321EA1E
:104950000201C3F81C12E369BBB9514BD3F80C1226
:104960000140C3F80C12A5886169E66845EA06456E
:10497000483143F83150A568218841EA054165690D
:1049800005F1480C03EBCC035960E369012B59D0C6
:10499000A369002B6ED14249D1F804320340C1F81B
:1049A00004322369002B6CD13D4BD3F8141208401C
:1049B000C3F81402236A012B6AD0394AD2F80032B4
:1049C00023F00103C2F80032002070BD40F25231E2
:1049D0003448FFF7E1FA76E740F253313148FFF708
:1049E000DBFA75E74FF455712E48FFF7D5FA74E7F7
:1049F00040F255312B48FFF7CFFA73E740F25631BA
:104A00002848FFF7C9FA71E740F257312548FFF708
:104A1000C3FA6FE74FF456712248FFF7BDFA6DE70E
:104A200040F259311F48FFF7B7FA6BE74FF45D7159
:104A30001C48FFF7B1FA69E740F275311948FFF7F2
:104A4000ABFA67E7164BD3F80C121143C3F80C12FC
:104A5000A5886169266845EA0645483143F8315022
:104A6000A1896569A66841EA0641483503EBC5039B
:104A700059608DE70A49D1F804321343C1F8043272
:104A80008FE70749D1F814321343C1F8143291E784
:104A90000349D1F81C321A43C1F81C228DE700BF2C
:104AA0000064004050FD000870B5044690F82050A6
:104AB000EDB2012D06D0436A43F400234362012581
:104AC000284670BD022380F820300268136823F066
:104AD00001031360FFF754FD064623685B6813F07B
:104AE000010F0CD0FFF74CFD831B0A2BF5D9636A2D
:104AF00043F400336362052384F82030E0E70025A7
:104B00006562DDE72DE9F84306460C4617469846F0
:104B100090F82050EDB20368D3F808908B680BB181
:104B2000042B5BD1E3680BB1022B5DD12369082B09
:104B300060D8A368002B69D12368B3F5006F5FD2FA
:104B4000237D012B6CD8013DEDB2012D00F2878051
:104B500019F0E05F7DD0C9F3016101238B40C8F8F3
:104B60000030A368002B61D12068E368326843EA13
:104B7000405001F118031B01D0503368226901F144
:104B8000180003EB00135A60237D012B59D0FA79EA
:104B9000BB791B0443EA02637A7943EA022338793A
:104BA0003268034302EB0112C2F88C31FA78BB7809
:104BB0001B0443EA02637A7843EA022338783268B6
:104BC000034302EB0112C2F888313268183109013F
:104BD000535843F001035350002045E040F2EA41AE
:104BE0002248FFF7D9F99DE740F2EB411F48FFF754
:104BF000D3F99BE740F2EC411C48FFF7CDF998E769
:104C000040F2EF411948FFF7C7F999E76368B3F13C
:104C1000005F95D340F2F3411448FFF7BDF98FE7E9
:104C200040F2F5411148FFF7B7F98CE7626843EAB3
:104C3000C203E2683068134301F118021201835085
:104C40009BE7336803EB00135A6842F480725A60A2
:104C50009DE7736A43F400137362012004E0736AF2
:104C600043F4802373620120BDE8F88350FD0008FF
:104C700090F82030013BDBB2012B01D900207047B6
:104C80000368986810F0806000D001209A6812F0E4
:104C9000006F00D001309B6813F0805FEFD00130CF
:104CA000704700002DE9F04104460D4690461F462E
:104CB00090F82060F6B2012910D8013EF6B2012E1C
:104CC00000F2AE8085B92368DB6813F0030F16D1BC
:104CD000636A43F4001363620120A6E040F2E951E5
:104CE0005348FFF759F9E8E723681B6913F0030FEE
:104CF00005D1636A43F400136362012095E02268E2
:104D000005F11B031B01D35803F00403C8F8083056
:104D1000002B6CD1226805F11B031B01D3585B0DDE
:104D2000C8F80030226805F11B031B01D25802F0BD
:104D30000202C8F80C20226813445B6813F0080FC5
:104D40005ED00823C8F81030226805F11B0102EB81
:104D500001125268C2F30722C8F81820236803EB37
:104D600001135B681B0CC8F81430236803EB0513B0
:104D7000D3F8B8313B70236803EB0513D3F8B8318F
:104D8000C3F307237B70236803EB0513D3F8B83113
:104D9000C3F30743BB70236803EB0513D3F8B831A3
:104DA0001B0EFB70236803EB0513D3F8BC313B717A
:104DB000236803EB0513D3F8BC31C3F307237B71DE
:104DC000236803EB0513D3F8BC31C3F30743BB716E
:104DD000236803EB0513D3F8BC311B0EFB71CDB96F
:104DE0002268D36843F02003D36000201DE02268CE
:104DF00005F11B031B01D358DB08C8F8043091E709
:104E000005F11B0302EB0312536803F00F03C8F80C
:104E1000103099E72268136943F020031361E4E737
:104E2000636A43F4802363620120BDE8F08100BF20
:104E300050FD000870B505460E4690F82040E4B2DB
:104E40000C4B994209D8013CE4B2012C0BD96B6A96
:104E500043F480236B62012070BD40F282610648FA
:104E6000FFF79AF8EFE72B6859690E435E6100205F
:104E7000F2E700BF7F8F030050FD000870477047C6
:104E8000704770477047704770477047704770476A
:104E900070472DE9F84F054603685C69D3F8048034
:104EA0009F68D3F80CB0D3F810A0D3F8189014F082
:104EB00001063BD017F0010616D001229A6017F0C8
:104EC000020F08D117F0040F0CD117F0080606D016
:104ED0004FF4805608E0FFF7D1FF002604E0FFF70B
:104EE000D0FF01E04FF4006617F4807F0DD02B68EF
:104EF0004FF480729A6017F4007F40F0868017F4B8
:104F0000806F00F0868046F4005617F4803F0DD085
:104F10002B684FF480329A6017F4003F40F0838092
:104F200017F4802F00F0838046F4004614F0080F39
:104F300007D01BF0100F04D046F400762B68102227
:104F4000DA6014F0040F02D01BF0080F79D114F0CE
:104F5000020F04D02B68DB6813F0030F78D114F034
:104F6000400F07D01AF0100F04D046F480662B686B
:104F700010221A6114F0200F02D01AF0080F6BD122
:104F800014F0100F04D02B681B6913F0030F6AD1C3
:104F900014F4003F02D018F0100F68D114F4803FD1
:104FA00002D018F0080F69D114F4004F7AD018F02D
:104FB000040F74D014F4807F04D019F0010F01D0D5
:104FC00046F0010614F4007F04D019F0020F01D05E
:104FD00046F0020614F4806F04D019F0040F01D0DB
:104FE00046F0040614F4006F59D019F0700956D039
:104FF000B9F1400F65D058D8B9F1200F5ED0B9F1A2
:10500000300F42D146F0200644E02846FFF737FF34
:105010007BE717F4006F02D046F4804675E7284618
:10502000FFF730FF71E72846FFF72AFF7EE717F406
:10503000002F02D046F4803678E72846FFF723FF9A
:1050400074E72B680822DA602846FFF71DFF7EE729
:105050002846FEF79DFA82E72B6808221A61284647
:10506000FFF713FF8CE72846FEF7BEFA90E72B68A0
:1050700010225A602846FFF709FF8FE72B680822A5
:105080005A602846FFF703FF8EE7B9F1100F01D1F0
:1050900046F008062A68936923F0700393612B6831
:1050A00004225A609EB9BDE8F88FB9F1500F0BD0B9
:1050B000B9F1600FEED146F48076EBE746F01006CA
:1050C000E8E746F04006E5E746F08006E2E76B6A6F
:1050D0001E436E622846FFF7DBFEE4E710B5044688
:1050E000C31E042B0FD80A4AD36823F4E0631B04C1
:1050F0001B0C240204F4E064234343F0BF6343F435
:105100000033D36010BD90210248FEF745FFEAE767
:1051100000ED00E0BCFD000870B505460C461646E3
:105120000F2A25D80F2C28D81B4BDB68C3F302238A
:10513000C3F10701042928BF04211A1D062A21D919
:10514000033B4FF0FF3202FA01F124EA01049C40D4
:1051500002FA03F326EA03063443002D14DB24018C
:10516000E4B205F1604505F5614585F8004370BD81
:10517000A8210A48FEF710FFD4E7A9210748FEF747
:105180000BFFD1E70023DCE705F00F052401E4B2B3
:10519000034B5C55EBE700BF00ED00E0BCFD0008F1
:1051A00014ED00E010B5041E0ADB002C07DB04F050
:1051B0001F02640901239340044A42F8243010BDC1
:1051C000BC210348FEF7E8FEEFE700BF00E100E086
:1051D000BCFD000830B405682C6824F480242C60E1
:1051E000046863608368402B05D003689960036896
:1051F000DA6030BC704703689A600368D960F8E7EA
:1052000010B40368D9B210390C4AA2FB014212094A
:105210000B4CA25CC2655F2909D923F47F7323F08C
:10522000030304338365806D5DF8044B704723F4FA
:105230007F7323F003038365F5E700BFABAAAAAA37
:1052400094FE0008836A826992B9012B0AD0022B6E
:1052500002D00BB100207047C36A13F0807F28D1C1
:1052600000207047C36AB3F1C07F24D0002070478C
:10527000B2F5005F09D0022B25D9032B25D1C36AD3
:1052800013F0807F23D100207047032B03D8DFE881
:1052900003F01404140A00207047C36A13F0807FDF
:1052A0000DD100207047C36AB3F1C07F09D0002040
:1052B000704701207047012070470120704701208E
:1052C000704701207047012070470020704701207F
:1052D0007047000070B50446FFF752F9002C00F04B
:1052E0003E8105462368954A934231D01832934255
:1052F0002ED0183293422BD01832934228D0183235
:10530000934225D01832934222D0183293421FD0B4
:10531000183293421CD002F55672934218D01832BC
:10532000934215D01832934212D0183293420FD0C4
:10533000183293420CD01832934209D0183293425B
:1053400006D01832934203D0B7217D48FEF724FEE1
:105350006368A3B1B3F1007F11D0B3F1806F0ED0B9
:10536000B3F1C06F0BD0B3F1006F08D0B3F1206F71
:1053700005D0B3F1406F02D0B3F1606F6DD1A36877
:105380001BB1402B01D0802B6CD1E368B3F5007FBB
:1053900001D0002B6BD12369B3F5806F01D0002BB6
:1053A0006AD163692BB1B3F5006F02D0B3F5805FAA
:1053B00067D1A3692BB1B3F5005F02D0B3F5804F7D
:1053C00064D1E36923B1B3F5807F01D0202B62D192
:1053D000236A43B1B3F5803F05D0B3F5003F02D057
:1053E000B3F5403F5CD1636A0BB1042B5DD1636AB6
:1053F000C3B1A36A032B5DD8E36A43B1B3F5000FD1
:1054000005D0B3F1807F02D0B3F1C07F57D1236BB9
:1054100043B1B3F5001F05D0B3F5800F02D0B3F54B
:10542000C00F51D1022384F83530002384F8343082
:105430002268136823F00103136023681A6812F0CE
:10544000010F46D0FFF79CF8401B0528F5D9202313
:105450006365032084F8350070BDB8213848FEF735
:105460009BFD8CE7B9213648FEF796FD8DE7BA2102
:105470003348FEF791FD8EE7BB213148FEF78CFDE6
:105480008FE7BC212E48FEF787FD92E7BD212C480F
:10549000FEF782FD95E7BE212948FEF77DFD97E7DF
:1054A000BF212748FEF778FD9DE7C0212448FEF77D
:1054B00073FD9CE7C5212248FEF76EFD9CE7C621DF
:1054C0001F48FEF769FDA2E7C7211D48FEF764FDEE
:1054D000A8E71A681B4810406168A2680A43E1689F
:1054E0000A4321690A4361690A43A1690A43E169E0
:1054F0000A43216A0A430243616A042924D01A60DC
:105500002668756925F00705636A1D43042B07D1DA
:10551000A36A1D43E36A1BB12046FFF793FEC0B99F
:1055200075612046FFF76CFEE26D3F239340836078
:1055300000206065012384F835308DE7106002405B
:1055400028FE00083F8010F0E16A206B01430A4307
:10555000D5E740236365012084F835007CE701200E
:105560007AE700BF2DE9F04104460E4617461D4676
:10557000D0F858805A1E4FF6FE739A4211D894F80C
:105580003430012B36D0012384F8343094F8353090
:10559000DBB2012B0BD0002384F834300220BDE8AD
:1055A000F08140F2CB111448FEF7F6FCE7E7022346
:1055B00084F83530002363652B463A463146204651
:1055C000FFF708FEE26D3F239340C8F808302268D9
:1055D000136843F016031360236C23B12268136829
:1055E00043F0080313602268136843F0010313605B
:1055F0000020D4E70220D2E728FE000870B5044658
:10560000866DFEF7BDFF94F83530DBB2022B06D075
:1056100080236365002384F83430012070BD054683
:105620002268136823F0160313602268536923F07D
:1056300080035361236CE3B12268136823F00803ED
:1056400013602268136823F00103136023681B684A
:1056500013F0010F11D0FEF793FF431B052BF5D973
:1056600020236365032084F83500002384F8343058
:10567000D4E7A36C002BDFD1E3E7E26D3F23934037
:10568000B360012384F83530002084F83400C5E786
:1056900090F83530DBB2022B03D080234365012024
:1056A0007047052380F835300268136823F0010342
:1056B0001360002070470000F0B583B0044600235B
:1056C0000193724B1D68724BA3FB0535AD0A876DC4
:1056D0003E68C26D08239340334210D003681A68B5
:1056E00012F0040F0BD01A6822F004021A60C26D87
:1056F00008239340BB60436D43F001034365E26DB3
:1057000001239340334209D02268526912F0800F7E
:1057100004D0BB60636D43F002036365E26D042354
:105720009340334209D02268126812F0020F04D06D
:10573000BB60636D43F004036365E26D1023934027
:10574000334224D02268126812F0080F1FD0BB60C9
:1057500023681A6812F4802F0DD01B6813F4002FF1
:1057600004D1236C9BB12046984710E0A36C73B121
:10577000204698470BE01A6812F4807F03D11A681C
:1057800022F008021A60236C0BB120469847E26DA4
:1057900020239340334255D02268126812F0100F34
:1057A00050D0BB6094F83530DBB2052B0ED02368A7
:1057B0001A6812F4802F33D01B6813F4002F2AD1FB
:1057C000636C002B3ED0204698473BE0226813686C
:1057D00023F0160313602268536923F0800353619A
:1057E000236CA3B12268136823F008031360E26DF1
:1057F0003F239340BB60012384F83530002384F8B5
:105800003430236D002B3FD0204698473CE0A36CFA
:10581000002BE7D1EBE7E36BA3B12046984711E0FB
:105820001A6812F4807F09D11A6822F010021A60F7
:10583000012384F83530002384F83430E36B0BB156
:1058400020469847636DFBB1636D13F0010F17D0CD
:10585000052384F835302268136823F001031360B0
:10586000019B01330193AB4204D823681B6813F0FA
:10587000010FF5D1012384F83530002384F834304A
:10588000E36C0BB12046984703B0F0BD60070020E1
:10589000B5814E1B2DE9F04182B007460E46564BAE
:1058A000984223D003F5806398421FD003F58063AC
:1058B00098421BD003F58063984217D003F58063AC
:1058C000984213D003F5806398420FD003F58063AC
:1058D00098420BD003F58063984207D003F58063AC
:1058E000984203D0AC214548FEF756FB33689AB284
:1058F00012B11B0C1B041BB1AD214048FEF74CFB41
:105900007368012B19D9112B17D0022B15D0122B2C
:1059100013D0B3F5881F10D0B3F5041F0DD0B3F525
:10592000441F0AD0B3F5901F07D0B3F5081F04D069
:10593000B3F5481F01D0032B01D1002496E0AE211E
:105940002E48FEF729FBF8E7F368032B13D8BA6853
:10595000610003238B4022EA0302F3688B40134368
:10596000BB607A6822EA05027368C3F30015A5409C
:1059700015437D608BE0C0212048FEF70DFBE6E774
:10598000D1211E48FEF708FB8AE03369DBB1092B01
:1059900019D0012B17D0022B15D0032B13D0042BB9
:1059A00011D0052B0FD0062B0DD0072B0BD0082BB9
:1059B00009D00A2B07D00B2B05D00C2B03D00D2BB5
:1059C00001D00F2B10D1E208083257F8220004F062
:1059D000070399000F238B4020EA030033698B40B3
:1059E000034347F822306BE0DE210448FEF7D4FA87
:1059F000E9E7072305E000BF000002409CFE000825
:105A000000238B40034302325A4941F822305A4B5B
:105A10009A686FEA080322EA0801706810F4801F90
:105A200001D048EA0201544A9160D26803EA0201B7
:105A3000706810F4001F01D048EA02014E4AD1609C
:105A4000526803EA0201706810F4003F01D048EA8E
:105A50000201494A516012681340716811F4803F95
:105A600001D048EA0203444A136001340F2C7ED867
:105A70000125A540336803EA050835EA0303F4D19C
:105A8000736803F00303013B012B7FF65DAF73687E
:105A900003F00303032B0DD0B368022B3FF670AF66
:105AA000FA68610003238B4022EA0302B3688B404B
:105AB0001343FB60736803F00303022B3FF465AFED
:105AC0003A68610003238B4022EA0302736803F003
:105AD00003038B4013433B60736813F4403FC4D00F
:105AE00000230193254B5A6C42F480425A645B6C4C
:105AF00003F480430193019BA208911C1D4B53F8B2
:105B0000210004F0030399000F238B4020EA0300D7
:105B10001B4B9F423FF474AF03F580639F421AD042
:105B200003F580639F4218D003F580639F4216D02F
:105B300003F580639F4214D003F580639F4212D027
:105B400003F580639F4210D003F580639F423FF4CA
:105B500050AF082355E7012353E7022351E70323FE
:105B60004FE704234DE705234BE7062349E702B03F
:105B7000BDE8F08100380140003C0140003802409F
:105B80000000024038B504460D4621B123691D428C
:105B900007D0012038BD4FF4BE710348FEF7FCF971
:105BA000F4E70020F6E700BF9CFE000870B505464C
:105BB00014460E4621B1012C08D86CB1AE6170BDFF
:105BC00040F29D110648FEF7E7F9F4E74FF4CF7174
:105BD0000348FEF7E1F9F0E73604AE61EFE700BFF6
:105BE0009CFE000838B505460C4641B16B6904EAD5
:105BF000030224EA030444EA0244AC6138BD4FF4D2
:105C0000DB710248FEF7C8F9F0E700BF9CFE000810
:105C100008B5054B5B69034200D108BD024B5861D2
:105C2000FDF770FEF9E700BF003C01402DE9F043AD
:105C300083B0D0F8008001EBC10300EB83039A6AC4
:105C40005B6A9A4254D807460C469B1A01EBC10284
:105C500000EB8202D2699A4200D31A4602F103098C
:105C60004FEA990915E006F103094FEA9909BB7952
:105C700004EBC40507EB8505296A0093B3B2E2B2D1
:105C8000404602F0A8FC2B6A33442B62AB6A3344D3
:105C9000AB6208EB441303F510639B699BB24B4561
:105CA00012D304EBC40207EB8202916A536A994251
:105CB0000AD24BB15B1A04EBC40207EB8202D6692D
:105CC0009E42D0D31E46CEE704EBC40007EB80070C
:105CD0007A6ABB6A9A420FD804F00F040123A340EA
:105CE000D8F8344824EA0304C8F83448002000E017
:105CF000012003B0BDE8F0830020FAE730B583B09F
:105D0000002800F0878004460368B3F1A04F06D056
:105D1000414A934203D089214048FEF73DF9256866
:105D200094F89534C3B1032384F89534B5F1A04FAA
:105D300018D0206802F000FA237C8DF80030231D73
:105D40000ECB206802F036F978B1022384F895343E
:105D50000125284603B030BD84F89434204608F06D
:105D600035FDE0E70023A371E3E70021206802F09E
:105D700053FE024608B9034617E0022384F895341F
:105D80000125E6E703EBC30104EB8101012048751F
:105D90000B75CB8500200876C861086203EBC30150
:105DA00004EB810148620133DBB220799842E9D8E3
:105DB00016E002EBC20304EB8303002183F85512C3
:105DC00083F8542283F85812C3F85C12C3F86012A7
:105DD00002EBC20304EB8303C3F864120132D2B2B4
:105DE0009042E6D8237C8DF80030231D0ECB20682E
:105DF00002F0F8F9054620B1022384F89534012514
:105E0000A7E700236374012384F89534206802F027
:105E1000C0FD9EE701259CE70000044008FF000844
:105E2000036890F89424012A1AD010B50446012280
:105E300080F89424DA6812F0400F02D0427B012AE5
:105E400009D0206802F072F9206802F094FD002069
:105E500084F8940410BD9A6B42F480329A63F0E7A0
:105E60000220704770B504460D460068066C00EBD2
:105E7000411303F530639A68A179012911D038499B
:105E80008E4256D03DB905EBC50304EB8303D3F82E
:105E90006432002B5ED0E9B2204608F0E1FC00201D
:105EA00070BD12F0080F09D02E498E42F7D912F4B6
:105EB000004FF4D04FF400429A60F0E712F0200F48
:105EC00002D020229A60EAE712F0280FE7D1254994
:105ED0008E4206D912F4004F03D04FF400429A606C
:105EE000DDE705EBC50204EB8202D2F874121B69F0
:105EF000C3F31203CB1AC2F868327DB905EBC502B1
:105F000004EB8202D2F864226AB105EBC50204EB0D
:105F10008202D2F860120B44C2F86032E9B2204625
:105F200008F09EFCBBE704F29C42012102F0B6FDA2
:105F3000F4E712F4004F03D04FF400429A60AEE74A
:105F400012F0200F01D020229A60E9B2204608F01A
:105F500087FCA4E704F29C42002102F09FFD9AE72F
:105F60000A31544F0A30544F38B5044603681D6C4B
:105F700003EB4113D3F8081B0E4A954207D903F5EA
:105F8000306311F4004F02D04FF400429A60204673
:105F900008F05EFC074B9D4202D9A379012B01D08A
:105FA000002038BD04F29C420121206802F076FDF9
:105FB000F6E700BF0A30544F90F89434012B0CD010
:105FC00010B50446012380F894344174006802F04F
:105FD000C2FC002084F8940410BD0220704738B53C
:105FE00005468C4611F0800F2BD101F00F0E0EEB01
:105FF000CE04A40004F514740444211D0EEBCE0E4F
:1060000000EB8E0E00208EF855020CF00F0C81F87C
:1060100000C0C2F30A028A600B714A780AB1A1F883
:106020001AC0022B1CD095F89434012B1BD00123ED
:1060300085F89434286802F0B0F9002085F89404BB
:1060400038BD01F00F0000EBC00189001031294478
:10605000043100EBC00005EB800001244475D4E757
:1060600000234B71DFE70220EAE710B504460A4639
:1060700011F0800F20D101F00F0000EBC0039B0056
:1060800003F514732344191D00EBC00004EB8000DA
:10609000002380F8553202F00F020A7094F894340D
:1060A000012B18D0012384F89434206802F0C4F93D
:1060B000002084F8940410BD01F00F0000EBC00331
:1060C0009B0010332344191D00EBC00004EB80003B
:1060D00001234375DFE70220EDE710B5144601F018
:1060E0000F0C0CEBCC01890001F514710144043153
:1060F0000CEBCC0E00EB8E0ECEF86022CEF86432A4
:106100000023CEF868328EF855328EF854C2827968
:10611000012A04D0006802F075FA002010BDCEF804
:106120007042F7E701F00F0101EBC10100EB8101C3
:10613000D1F86802704710B5144601F00F0C0CEB53
:10614000CC0189001031014404310CEBCC0E00EB82
:106150008E0ECEF82020CEF824300023CEF8283042
:1061600001238EF815308EF814C082799A4204D03B
:10617000006802F047FA002010BDCEF83040F7E783
:1061800038B501F00F050279AA4238D304460B4610
:1061900011F0800F1FD101EBC101890001F51471CD
:1061A0000144043103EBC30300EB8303002283F8B3
:1061B000552201238B700D7094F89434012B20D05C
:1061C000012384F89434206802F06AFB85B1002032
:1061D00084F8940438BD05EBC501890010310144F1
:1061E000043105EBC50300EB830301225A75E0E798
:1061F00004F29C42A179206802F050FCE7E70120FC
:10620000E8E70220E6E701F00F0302799A4230D373
:1062100010B5044611F0800F1ED103EBC3018900B5
:1062200001F514710144043103EBC30200EB820257
:10623000002082F8550200228A700B7094F8943482
:10624000012B18D0012384F89434206802F055FB08
:10625000002084F8940410BD03EBC30189001031C1
:106260000144043103EBC30200EB820201205075AC
:10627000E1E7012070470220EDE708B511F0800F3B
:106280000CD101F00F0101EBC101890001F514717E
:1062900001440431006802F03FF908BD01F00F012C
:1062A00001EBC1018900103101440431F2E72DE90D
:1062B000F04F83B004460568284602F0A9FB10B1F0
:1062C00003B0BDE8F08F0646206802F070FB00289E
:1062D000F6D005F50067BB68C3F30D23C4F8D434CA
:1062E000206802F064FB10F0020F04D022685369AA
:1062F00003F002035361206802F059FB10F0100F05
:1063000013D02268936923F010039361D5F820809D
:1063100008F00F09C8F34343022B4BD0062B6FD074
:106320002268936943F010039361206802F03FFBF9
:1063300010F4002F76D1206802F039FB10F4802F82
:1063400040F0E080206802F032FB0028C0F261815A
:10635000206802F02CFB10F4006F09D0BB6813F02A
:10636000010F40F06E812268536903F400635361AA
:10637000206802F01CFB10F4805F40F0668120680A
:1063800002F015FB10F4005F40F0B381206802F0CA
:106390000EFB10F0080F40F0C481206802F007FBEC
:1063A00010F0800F00F0D781AB6923F08003AB6160
:1063B0000126C0E147F6F07318EA030FB0D04FEAA8
:1063C000181B4FEAC903019309EBC90A04EB8A0AB7
:1063D000C8F30A12DAF86012284602F037FACBF353
:1063E0000A0BDAF860325B44CAF86032019B4B4416
:1063F00004EB8303D3F868325B44CAF868328FE752
:10640000082204F29C41284602F020FAC8F30A1838
:1064100009EBC90204EB8202D2F868324344C2F8A5
:1064200068327DE7206802F0C6FA8046B14635E062
:1064300005EB49130122C3F8082B49462046FFF714
:1064400011FD3CE005EB49130822C3F8082B49462F
:106450002046FFF789FD35E009EBC90304EB830310
:1064600093F85732012B41D005EB49130222C3F8B0
:10647000082B1AF0200F04D005EB49132022C3F893
:10648000082B1AF4005F05D005EB49134FF40052B6
:10649000C3F8082B09F101094FEA5808B8F1000FB9
:1064A0003FF449AF18F0010FF4D05FFA89FB594669
:1064B000206802F090FA824610F0010FB8D11AF06D
:1064C000080FBFD11AF0100F04D005EB49131022AA
:1064D000C3F8082B1AF0020FCBD06B6913F0800FB2
:1064E000BAD07B6843F480637B60B5E709EBC903EE
:1064F00004EB8303002283F857225946204608F014
:10650000FFF9B1E7206802F05EFA8046B14625E067
:106510005946204608F0B0F91AF0080F04D005EBF0
:1065200049130822C3F808291AF0100F04D005EB0C
:1065300049131022C3F808291AF0400F04D005EBC4
:1065400049134022C3F808291AF0020F40D11AF06B
:10655000800F59D109F101094FEA5808B8F1000F2D
:106560003FF4F0AE18F0010FF4D05FFA89FB594602
:10657000206802F039FA824610F0010FCCD009F001
:106580000F03012101FA03F27B6B23EA02037B6311
:1065900005EB4913C3F80819A3798B42B8D109EB6D
:1065A000C90304EB8303D9691A6A0A441A62B9F170
:1065B000000FADD109EBC90304EB83035B6A002B29
:1065C000A6D104F29C420121206802F067FA9FE7FD
:1065D0004946284601F0B6FD09EBC90304EB8303E5
:1065E000DB7D012B05D005EB49130222C3F80829F6
:1065F000ADE709EBC90304EB83030022DA755946C2
:10660000204608F083F9EEE749462046FFF70EFBE7
:10661000A0E77B6823F001037B6094F8CC34012B66
:1066200008D0204608F066F92268536903F0004359
:1066300053618DE6002184F8CC14204600F03FF928
:10664000F2E7204608F03EF98DE67B6823F001036F
:106650007B601021206801F075FD1AE005EB461300
:106660004FF67F31C3F80819D3F8002922F400123D
:10667000C3F80029C3F8081BD3F8002B22F400123A
:10668000C3F8002BD3F8002B42F00062C3F8002BB4
:1066900001362379B342E1D8FB6943F00113FB6172
:1066A000E37BDBB1D7F8843043F00B03C7F88430C9
:1066B0007B6C43F00B037B64D5F8003823F4FE6356
:1066C000C5F8003804F29C42A179206802F0E6F98E
:1066D0002268536903F48053536150E67B6943F4A5
:1066E000005343F02B037B613B6943F00B033B6199
:1066F000E2E7206802F0C1F9206801F03DFEE07198
:10670000266800F0D3FC0146E279304601F09CFC9B
:10671000204608F0C2F82268536903F4005353611D
:1067200034E6204608F0B3F82268536903F0080302
:10673000536132E601362379B3420CD906EBC60326
:1067400004EB830393F85732012BF3D1F1B22046C7
:10675000FFF793FDEEE7206802F029F910F4801F9F
:1067600025D1206802F023F910F4001F59D001232D
:1067700026E001362379B3421BD905EB4613D3F843
:10678000002906EBC60304EB83031B7E012BF0D12B
:10679000002AEEDA06EBC60304EB83030122DA7566
:1067A00066F07F01C9B22046FFF767FDE1E70126E9
:1067B000E0E72268536903F480135361D1E70133A2
:1067C00022799A4228D905EB4312D2F8001B03EB39
:1067D000C30204EB820292F85822012AEFD1002969
:1067E000EDDA01F48031D4F8D42402F001029142B0
:1067F000E5D103EBC30204EB8202012182F85712B8
:10680000AA6942F08002AA616A6912F0800FD6D1AB
:106810007B6843F400737B602268536903F40013C0
:106820005361206802F0C3F810F0804F10D1206847
:1068300002F0BDF810F0040F3FF442AD23685D682C
:1068400015F0040F0DD1226853682B43536037E5D0
:10685000204608F061F82268536903F080435361D1
:10686000E5E7204608F05EF8EDE710B40468606ADA
:1068700031B940EA0240A06200205DF8044B704745
:106880008C46A36A00EB1340002308E003F14001AB
:1068900004EB8101496800EB11400133DBB20CF1DC
:1068A000FF318B42F2D340EA02400CF13F0104EB8E
:1068B00081014860E0E70368596200207047704733
:1068C000002800F05E8270B582B0044603680F2B8A
:1068D00039D8236813F0010F4DD063682BB1B3F59D
:1068E000803F02D0B3F5A02F32D1804B9B6803F0DC
:1068F0000C03042B36D07D4B9B6803F00C03082B54
:106900002BD06368B3F5803F5FD0B3F5A02F62D082
:10691000764B1A6822F480321A601A6822F48022B8
:106920001A606368002B60D0FDF72AFE05466F4BA6
:106930001B6813F4003F1ED1FDF722FE401B6428A4
:10694000F5D9032024E2E6216948FDF725FBC0E7DD
:10695000EB216748FDF720FBC7E7644B5B6813F446
:10696000800FCED0614B1B6813F4003F03D06368E7
:10697000002B00F00882236813F0020F66D0E36852
:10698000012B41D823691F2B44D8584B9B6813F027
:106990000C0F4AD0554B9B6803F00C03082B3FD0DB
:1069A000E368002B77D0534B01221A60FDF7E8FD16
:1069B00005464E4B1B6813F0020F63D1FDF7E0FD57
:1069C000401B0228F5D90320E2E1484A136843F44A
:1069D00080331360A5E7454B1A6842F480221A60A1
:1069E0001A6842F480321A609BE7FDF7C9FD05463C
:1069F0003E4B1B6813F4003FBDD0FDF7C1FD401BAB
:106A00006428F5D90320C3E140F21D113848FDF791
:106A1000C3FAB7E74FF48F713548FDF7BDFAB4E715
:106A2000324B5B6813F4800FBAD1304B1B6813F004
:106A3000020F03D0E368012B40F0A7812B4A1368B3
:106A400023F0F803216943EAC1031360236813F0BC
:106A5000080F51D06369012B2FD863699BB3254B75
:106A60000122C3F8802EFDF78BFD05461F4B5B6F9F
:106A700013F0020F40D1FDF783FD401B0228F5D92A
:106A8000032085E1194A136823F0F803216943EADA
:106A9000C1031360DAE7174B00221A60FDF770FD9F
:106AA0000546124B1B6813F0020FCFD0FDF768FDAF
:106AB000401B0228F5D903206AE14FF4AF710C485E
:106AC000FDF76AFAC9E70B4B0022C3F8802EFDF7E9
:106AD00057FD0546054B5B6F13F0020F0CD0FDF719
:106AE0004FFD401B0228F5D9032051E10038024038
:106AF00074FF000800004742236813F0040F7CD0A5
:106B0000A368012B01D9052B38D1A44B1B6C13F0C2
:106B1000805F39D100230193A04B1A6C42F0805260
:106B20001A641B6C03F080530193019B01259C4B5D
:106B30001B6813F4807F29D0A368012B3AD0052B62
:106B40003ED0964B1A6F22F001021A671A6F22F09C
:106B500004021A67A368002B3CD0FDF711FD06461E
:106B60008E4B1B6F13F0020F45D1FDF709FD801B03
:106B700041F288339842F3D9032009E14FF4C571FB
:106B80008848FDF709FAC0E70025D0E7844A136872
:106B900043F480731360FDF7F3FC0646804B1B68DB
:106BA00013F4807FC8D1FDF7EBFC801B0228F5D9D8
:106BB0000320EDE0794A136F43F001031367C9E73F
:106BC000764B1A6F42F004021A671A6F42F0010204
:106BD0001A67BFE7FDF7D4FC0646704B1B6F13F036
:106BE000020F08D0FDF7CCFC801B41F2883398429D
:106BF000F3D90320CCE0002D3CD1A369022B3FD870
:106C0000A369002B00F0C380644A926802F00C0272
:106C1000082A00F09180022B7AD1E36913B1B3F511
:106C2000800F33D1236A023B3D2B35D8636A323B58
:106C3000B3F5BF7F36D8A36A022B05D0042B03D04F
:106C4000062B01D0082B33D1E36A023B0D2B35D83C
:106C5000554B00221A66FDF793FC05464F4B1B6807
:106C600013F0007F30D0FDF78BFC401B0228F5D9D4
:106C700003208DE0494A136C23F080531364BCE772
:106C800040F2CD114748FDF787F9B9E74FF4EB71B2
:106C90004448FDF781F9C5E740F2D7114148FDF7B7
:106CA0007BF9C3E74FF4EC713E48FDF775F9C2E795
:106CB00040F2D9113B48FDF76FF9C5E74FF4ED718C
:106CC0003848FDF769F9C3E7E369226A1343626A4A
:106CD00043EA8213A26A5208013A43EA0243E26A93
:106CE00043EA02632D4A53602F4B01221A66FDF7D7
:106CF00047FC0446294B1B6813F0007F06D1FDF7C3
:106D00003FFC001B0228F5D9032041E000203FE0B2
:106D1000254B00221A66FDF733FC04461F4B1B6807
:106D200013F0007F06D0FDF72BFC001B0228F5D9DD
:106D300003202DE000202BE0012B2BD0174B5B68AC
:106D400003F48001E269914226D103F03F02216AF7
:106D50008A422BD1616A47F6C0721A40B2EB811F9A
:106D600026D103F44031A26A5208013AB1EB024F36
:106D700020D103F07063E26AB3EB026F1CD10020F4
:106D800006E001207047012002E0012000E0002021
:106D900002B070BD0120FBE70120F9E70038024096
:106DA0000070004074FF0008000047420120EFE738
:106DB0000120EDE70120EBE70120E9E708B5314BC1
:106DC0009B6803F00C03042B57D0082B57D12D4B95
:106DD0005A6802F03F025B6813F4800F2AD0294BF7
:106DE0005968C1F3881C4FEA4C11B1EB0C006EEBF3
:106DF0000E0E4FEA8E1343EA90638101091A63EB8A
:106E00000E03DB0043EA5173C90011EB0C0C43F194
:106E10000003590200234FEA4C2041EADC51F9F704
:106E200051FE184B5B68C3F3014301335B00B0FBB9
:106E3000F3F025E0134B5968C1F3881C4FEA4C115D
:106E4000B1EB0C006EEB0E0E4FEA8E1343EA90632B
:106E50008101091A63EB0E03DB0043EA5173C90099
:106E600011EB0C0C43F10003990200234FEA8C2034
:106E700041EA9C51F9F726FED3E7034800E00348B6
:106E800008BD00BF0038024000127A000024F40060
:106E9000002800F0F78070B50D4604460368013BFA
:106EA0000E2B6BD8072D6FD87A4B1B6803F00703A6
:106EB000AB4208D2EBB2774A1370136803F00703B2
:106EC000AB4240F0E180236813F0020F29D013F0A9
:106ED000040F04D0704A936843F4E053936023682E
:106EE00013F0080F04D06C4A936843F46043936036
:106EF000A3687BB1802B0DD0902B0BD0A02B09D099
:106F0000B02B07D0C02B05D0D02B03D0E02B01D065
:106F1000F02B3FD1604A936823F0F003A1680B4344
:106F20009360236813F0010F4ED06368032B37D8AA
:106F30006368012B3AD09A1E012A3ED9564A12683C
:106F400012F0020F00F0A28053498A6822F0030277
:106F500013438B60FDF714FB06464F4B9B6803F011
:106F60000C036268B3EB820F2ED0FDF709FB801B88
:106F700041F288339842F0D9032076E040F25A215A
:106F80004648FDF709F88DE740F25B214348FDF7DD
:106F900003F889E740F27E214048FCF7FDFFB9E79E
:106FA00040F285213D48FCF7F7FFC1E73A4A1268F5
:106FB00012F4003FC8D1012057E0374A126812F09E
:106FC000007FC1D1012050E0324B1B6803F0070362
:106FD000AB4207D9EAB22F4B1A701B6803F00703C4
:106FE000AB4255D1236813F0040F14D0E3685BB1B2
:106FF000B3F5805F08D0B3F5A05F05D0B3F5C05FEF
:1070000002D0B3F5E05F31D1234A936823F4E05313
:10701000E1680B439360236813F0080F15D02369D0
:107020005BB1B3F5805F08D0B3F5A05F05D0B3F5D1
:10703000C05F02D0B3F5E05F1ED1174A936823F416
:107040006043216943EAC1039360FFF7B7FE124B27
:107050009B68C3F30313124AD35CD840114B1860EA
:10706000114B1868FCF7BCFF002070BD40F2C32133
:107070000A48FCF791FFC7E740F2CA210748FCF72E
:107080008BFFDAE7012070470120EEE70120ECE7F3
:107090000120EAE7003C02400038024074FF00088B
:1070A00038FD00086007002068070020014B1868C1
:1070B000704700BF6007002008B5FFF7F7FF044BDB
:1070C0009B68C3F38223034AD35CD84008BD00BF4A
:1070D0000038024048FD000808B5FFF7E7FF044B01
:1070E0009B68C3F34233034AD35CD84008BD00BF5A
:1070F0000038024048FD00080F2303600B4B9A68DC
:1071000002F0030242609A6802F0F00282609A681C
:1071100002F4E052C2609B68DB0803F4E0530361B1
:10712000034B1B6803F007030B60704700380240F5
:10713000003C02407047000010B5044603683E4A18
:10714000934237D0B3F1804F34D0A2F57C429342C2
:1071500030D002F5806293422CD002F580629342D7
:1071600028D002F58062934224D002F580629342D7
:1071700020D002F5704293421CD002F57052934227
:1071800018D002F58062934214D002F580629342D7
:1071900010D0A2F5983293420CD002F5806293424F
:1071A00008D002F58062934204D04FF4E87123487E
:1071B000FCF7F2FE94F83D30DBB2012B37D102230D
:1071C00084F83D302268D36843F00103D36023681C
:1071D000194A934220D0B3F1804F1DD0A2F57C42D2
:1071E000934219D002F58062934215D002F5806275
:1071F000934211D002F5784293420DD002F57052BD
:10720000934209D0A2F59432934205D01A6842F015
:1072100001021A6000200BE09A6802F00702062AB9
:1072200007D01A6842F001021A60002000E0012035
:1072300010BD0020FCE700BF00000140E0FF000897
:10724000704770477047704770B504460368DE6842
:107250001D6915F0020F10D016F0020F0DD06FF05F
:1072600002021A610123037703689B6913F0030F7D
:107270005ED0FFF7E6FF0023237715F0040F12D04E
:1072800016F0040F0FD023686FF004021A61022376
:10729000237723689B6913F4407F4FD02046FFF784
:1072A000D0FF0023237715F0080F12D016F0080F37
:1072B0000FD023686FF008021A6104232377236834
:1072C000DB6913F0030F40D02046FFF7BAFF00231D
:1072D000237715F0100F12D016F0100F0FD023687F
:1072E0006FF010021A61082323772368DB6913F417
:1072F000407F31D02046FFF7A4FF0023237715F00D
:10730000010F02D016F0010F2DD115F0800F02D021
:1073100016F0800F2FD115F0400F02D016F0400F5D
:1073200031D115F0200F02D016F0200F33D170BDEF
:10733000FFF786FF2046FFF785FF9CE72046FFF713
:107340007FFF2046FFF77EFFABE72046FFF778FF81
:107350002046FFF777FFBAE72046FFF771FF204688
:10736000FFF770FFC9E723686FF001021A6120463A
:10737000FCF790FDC9E723686FF080021A61204690
:1073800000F033F9C7E723686FF040021A61204626
:10739000FFF759FFC5E723686FF020021A61204606
:1073A00000F022F9C3E700000368344A904212D08B
:1073B000B0F1804F0FD0A2F57C4290420BD002F585
:1073C0008062904207D002F58062904203D002F5BD
:1073D0007842904203D123F070034A681343274A4E
:1073E00090422AD0B0F1804F27D0A2F57C42904243
:1073F00023D002F5806290421FD002F58062904255
:107400001BD002F57842904217D002F5705290429C
:1074100013D002F5806290420FD002F58062904254
:107420000BD0A2F59832904207D002F580629042CC
:1074300003D002F58062904203D123F44073CA68FE
:10744000134323F080034A69134303608B68C362CC
:107450000B688362094B984203D003F5806398421E
:1074600001D10B69036301234361036913F0010F29
:1074700003D0036923F0010303617047000001405A
:10748000002800F0A98010B504460368534A9342CF
:1074900037D0B3F1804F34D0A2F57C42934230D044
:1074A00002F5806293422CD002F58062934228D08C
:1074B00002F58062934224D002F58062934220D08C
:1074C00002F5704293421CD002F57052934218D0DC
:1074D00002F58062934214D002F58062934210D08C
:1074E000A2F5983293420CD002F58062934208D004
:1074F00002F58062934204D040F213113848FCF741
:107500004BFDA3683BB1102B05D0202B03D0402BA3
:1075100001D0602B17D123692BB1B3F5807F02D046
:10752000B3F5007F15D12368B3F1804F17D02D4AF2
:10753000934214D0E368013B4FF6FE7293428CBF36
:10754000002301230FE04FF48A712548FCF724FD46
:10755000E1E740F215112248FCF71EFDE3E7E3687E
:10756000003B18BF01232BB3A3690BB1802B27D19C
:1075700094F83D3053B3022384F83D30214651F84E
:10758000040BFFF711FF012384F8463084F83E30E6
:1075900084F83F3084F8403084F8413084F8423039
:1075A00084F8433084F8443084F8453084F83D3022
:1075B000002010BD4FF48B710948FCF7EDFCD3E7B8
:1075C00040F217110648FCF7E7FCD1E784F83C309D
:1075D0002046FFF7AFFDCEE70120704700000140D5
:1075E000E0FF0008000C004070477047026802F19D
:1075F0000C0353E8003F23F0C0030C3242E8003193
:107600000029F3D1202380F841307047026802F14D
:107610000C0353E8003F23F490730C3242E800312E
:107620000029F3D1026802F1140353E8003F23F06C
:107630000103143242E800310029F3D1036B012B1E
:1076400005D0202380F8423000230363704702688E
:1076500002F10C0353E8003F23F010030C3242E820
:1076600000310029F3D1ECE790F84130DBB2212B57
:1076700001D0022070478368B3F5805F17D0036A9A
:107680005A1C02621A7803685A60C38C9BB2013B91
:107690009BB2C3844BB90268D36823F08003D360E4
:1076A0000268D36843F04003D36000207047036949
:1076B000002BE4D1036A1B880268C3F308035360FC
:1076C000036A02330362E0E738B504464268574B69
:1076D0009A423FD8E36813B1B3F5005F40D1236904
:1076E0002BB1B3F5806F02D0B3F5C06F3ED16369A3
:1076F0004FF6F372134200D123B940F678614C483B
:10770000FCF74AFC2268136923F44053E1680B43F9
:107710001361A3682269134362691343E2691A4340
:107720002168CB6823F4164323F00C031343CB608A
:107730002268536923F44073A1690B4353612368A2
:107740003C4A934218D002F58062934214D0FFF76E
:10775000B3FC13E040F675613548FCF71DFCB9E752
:1077600040F676613248FCF717FCB8E740F67761DF
:107770002F48FCF711FCBAE7FFF7AEFCE369B3F55D
:10778000004F29D00021031849411B1841F1000185
:10779000C90041EA5371DB00181863684FEA83029D
:1077A0004FEA937341F10001F9F78CF9224DA5FBE3
:1077B00000325109642303FB11031B013233A5FB83
:1077C00003235B0903F0F00202EB011203F00F0345
:1077D000216813448B6038BD0023021843EB03017A
:1077E000121841F10001C90041EA5271D20010188B
:1077F00041F10001626892185B41F9F763F90E4D9F
:10780000A5FB00325109642303FB1103DB00323373
:10781000A5FB03235B095A0002F4F87202EB011284
:1078200003F00703216813448B60D4E7A037A0005E
:107830004C000108001001401F85EB51002800F0AA
:107840008C8010B504468369002B56D00368444AE7
:10785000934210D0A2F54C4293420CD002F58062C4
:10786000934208D002F54C42934204D040F2731187
:107870003C48FCF791FBA36943B1B3F5807F05D089
:10788000B3F5007F02D0B3F5407F30D1A36813B1C8
:10789000B3F5805F4FD1E36913B1B3F5004F50D119
:1078A00094F84130002B52D0242384F841302268D0
:1078B000D36823F40053D3602046FFF705FF226806
:1078C000136923F4904313612268536923F02A0358
:1078D00053612268D36843F40053D360002060648E
:1078E000202384F8413084F84230606310BD4FF4A7
:1078F000BA711C48FCF750FBC8E70368184A93426A
:10790000C4D0A2F54C429342C0D002F580629342AB
:10791000BCD002F580629342B8D002F580629342F7
:10792000B4D002F544429342B0D04FF4BC710D483C
:10793000FCF732FBAAE74FF4BD710A48FCF72CFBB9
:10794000A9E740F27B110748FCF726FBA8E784F87B
:1079500040302046FCF7AAFCA6E70120704700BF94
:10796000001001404C00010810B5044603685A6934
:1079700090F84130DBB2212B0AD023685A6902F01B
:10798000400294F84230DBB2222B19D0002010BD07
:1079900002F08002002AF0D0226802F1140353E8BA
:1079A000003F23F08003143242E800310029F3D174
:1079B000A06B08B1FDF722FE2046FFF717FEDCE7BB
:1079C000002AE3D0226802F1140353E8003F23F0B9
:1079D0004003143242E800310029F3D1E06B08B1D2
:1079E000FDF70CFE2046FFF711FECFE7704708B504
:1079F0000168CA6822F04002CA60202280F8412053
:107A0000FFF7F4FF002008BD70477047704710B5BE
:107A1000846B23685A6994F84130DBB2212B10D073
:107A200023685A6902F0400294F84230DBB2222BFC
:107A300011D0636C43F0100363642046FFF7E6FF48
:107A400010BD02F08002002AEAD00023E384204621
:107A5000FFF7CCFDE4E7002AEBD00023E3852046C6
:107A6000FFF7D4FDE5E708B5806B0023C385C38429
:107A7000FFF7CCFF08BD704790F84230DBB2222BF5
:107A800069D18368B3F5805F4FD0826AB3F5805FB8
:107A900004D0002B56D10369002B53D103685B68D7
:107AA0001370836A01338362C38D9BB2013B9BB227
:107AB000C385002B51D100B583B00268D36823F091
:107AC0002003D3600268D36823F48073D360026814
:107AD000536923F001035361202380F842300023CF
:107AE0004363036B012B33D100230363026802F16C
:107AF0000C0353E8003F23F010030C3242E800313E
:107B00000029F3D103681A6812F0100F06D0002282
:107B100001921A6801925B680193019B818DFFF7C6
:107B2000AAFF002003B05DF804FB0269002AACD173
:107B3000826A03685B68C3F308031380836A0233B5
:107B40008362B1E703685B6803F07F031370A8E703
:107B5000FFF75AFFE5E7022070470020704700005A
:107B600030B583B0044602681368D068516913F0D9
:107B70000F0505D113F0200F02D010F0200F19D1FE
:107B80002DB111F0010119D110F4907F16D1216BA4
:107B900001297DD013F0800F03D010F0800F40F04A
:107BA000198113F0400F03D010F0400F40F0168100
:107BB00003B030BD2046FFF75FFFF9E713F0010F78
:107BC00006D010F4807F03D0626C42F00102626440
:107BD00013F0040F04D019B1626C42F00202626427
:107BE00013F0020F04D019B1626C42F00402626417
:107BF00013F0080F07D010F0200F00D119B1626CFC
:107C000042F008026264626C002AD1D013F0200FA7
:107C100002D010F0200F29D123685B6903F04003E4
:107C2000626C12F0080F00D163B32046FFF7EEFC40
:107C300023685B6913F0400F20D0226802F114031F
:107C400053E8003F23F04003143242E8003100299A
:107C5000F3D1E36B73B1634A1A65E06BFDF718FD6E
:107C60000028A5D0E06B036D9847A1E72046FFF7F9
:107C700003FFD1E72046FFF7C9FE99E72046FFF74B
:107C8000C5FE95E72046FFF7C1FE002363648FE73A
:107C900013F0100F3FF47EAF10F0100F3FF47AAFE7
:107CA000002301931368019353680193019B536967
:107CB00013F0400F52D0E26B13685B689BB2002B4D
:107CC0003FF476AFA18D99427FF672AFE385D36919
:107CD000B3F5807F37D0226802F10C0353E8003FF0
:107CE00023F480730C3242E800310029F3D122687A
:107CF00002F1140353E8003F23F00103143242E879
:107D000000310029F3D1226802F1140353E8003F47
:107D100023F04003143242E800310029F3D120233C
:107D200084F8423000232363226802F10C0353E8F5
:107D3000003F23F010030C3242E800310029F3D158
:107D4000E06BFDF75BFC02236363A18DE38D9BB2C7
:107D5000C91A89B22046FFF78EFE29E7A18DE38D6F
:107D60009BB2C91A89B2E38D9BB2002B3FF420AFBE
:107D700000293FF41DAF226802F10C0353E8003FD5
:107D800023F490730C3242E800300028F3D12268CB
:107D900002F1140353E8003F23F00103143242E8D8
:107DA00000300028F3D1202384F8423000232363DD
:107DB000226802F10C0353E8003F23F010030C3259
:107DC00042E800300028F3D1022363632046FFF726
:107DD00052FEEDE62046FFF747FCE9E62046FFF7B6
:107DE00006FEE5E6677A000808B5806B0123436369
:107DF000036B012B02D0FFF708FE08BD818D4908F7
:107E0000FFF739FEF9E708B50346806B1B681B686E
:107E100013F4807F2BD10023C385026802F10C0389
:107E200053E8003F23F480730C3242E8003100290C
:107E3000F3D1026802F1140353E8003F23F0010379
:107E4000143242E800310029F3D1026802F1140330
:107E500053E8003F23F04003143242E80031002988
:107E6000F3D1202380F84230036B012B07D000238D
:107E70004363036B012B0FD0FFF7C6FD08BD0268FB
:107E800002F10C0353E8003F23F010030C3242E8E8
:107E900000310029F3D1EAE7818DFFF7ECFDEDE732
:107EA00030B583B00446134681628285002545645F
:107EB000222280F84220C26B1F48D063E26B1F4829
:107EC0001064E26B1E48D064E26B156520680A46B8
:107ED000011DE06BFDF746FB019523681A680192CE
:107EE0005B680193019B23695BB1226802F10C037B
:107EF00053E8003F43F480730C3242E8003100291C
:107F0000F3D1226802F1140353E8003F43F0010368
:107F1000143242E800310029F3D1226802F114033F
:107F200053E8003F43F04003143242E80031002997
:107F3000F3D1002003B030BD077E0008E97D0008C2
:107F40000F7A000808B590F84230DBB2202B08D138
:107F500049B10AB9012008BD00230363FFF7A0FF60
:107F6000F9E70220F7E70120F5E782B0002301934B
:107F7000019B01330193019BB3F1706F15D8036925
:107F8000002BF5DA00230193036943F00103036139
:107F9000019B01330193019BB3F1706F08D8036912
:107FA00013F0010FF4D1002000E0032002B070476D
:107FB0000320FBE784B010B5044603A880E80E0058
:107FC0009DF81130012B21D1A36B23F48033A363DF
:107FD000E36823F4840323F04003E360E36823F4BD
:107FE0004013E3609DF81830012B0AD02046FFF7BC
:107FF000BCFF9DF80E30012B1CD0BDE8104004B032
:108000007047E36843F48013E360EFE7E36843F00D
:108010004003E3602046FFF7A8FF9DF8153023B921
:10802000A36B43F48033A363E3E7A36B23F48033B0
:10803000A363DEE7A36843F00603A360A36843F0ED
:108040002003A360D9E70000022A0AD00921C268F0
:1080500022F47052C260C36843EA8123C3600020E7
:108060007047234B0B44234A93422FD9224B0B4496
:10807000224A93422CD9A1F57403A3F51053204A48
:10808000934227D9A1F18373A3F5E7431D4A934295
:1080900022D31D4B0B441D4A93421FD91C4B0B444A
:1080A0001C4A93421CD31C4B0B441C4A934219D3C9
:1080B000A1F1B773A3F55853194A934214D3194B3E
:1080C0000B44194A934211D20721C0E70F21BEE7A2
:1080D0000E21BCE70D21BAE70C21B8E70B21B6E76A
:1080E0000A21B4E70921B2E70821B0E70621AEE78B
:1080F000405327FFFF340C00401E1BFF3F420F0080
:108100007F4F120020D6130060B6E5FE5FE3160035
:1081100000D3CEFE40771B00C05BB3FEC0912100B0
:1081200020753800E05459FEE09C4100836843F01C
:108130000103836000207047836823F0010383609C
:108140000020704782B000230193019B013301930B
:10815000019BB3F1706F15D80369002BF5DA00238A
:108160000193890141F020010161019B01330193D9
:10817000019BB3F1706F08D8036913F0200FF4D19D
:10818000002000E0032002B070470320FBE782B02C
:1081900000230193019B01330193019BB3F1706FA5
:1081A00013D80369002BF5DA002301931023036130
:1081B000019B01330193019BB3F1706F08D80369F0
:1081C00013F0100FF4D1002000E0032002B070473C
:1081D0000320FBE7D0F800381943C0F8001800204E
:1081E0007047000084B0F8B5044607A880E80E0088
:1081F000002306E003F1400204EB820200215160FB
:1082000001330E2BF6D99DF8266006BBD4F804384E
:1082100043F00203C4F80438A36B43F40013A363D0
:10822000A36B23F40023A363A36B23F48023A36332
:108230000023C4F8003E9DF82130012B15D19DF894
:108240001F306BB900212046FFF7C4FF11E0A36B7C
:1082500023F40013A363A36B43F40023A363E7E7B2
:1082600001212046FFF7B6FF03E003212046FFF778
:10827000B1FF10212046FFF765FF054600B101253B
:108280002046FFF784FF00B1012504F5006C0023B0
:10829000CCF81030CCF81430CCF81C300AE0CBB954
:1082A0004FF00060C2F8000900220A614FF67F32E9
:1082B0008A6001339DF81C10994210D904EB4312D7
:1082C00002F51061D2F800090028E8DB0020C2F8AE
:1082D0000009E9E74FF09040C2F80009E4E7002305
:1082E0000AE0BBB14FF09047C2F8007B0022026168
:1082F0004FF67F3282600133994210D904EB43126A
:1083000002F53060D2F8007B002FEADB0027C2F8CC
:10831000007BEBE74FF00067C2F8007BE6E7DCF894
:10832000103023F48073CCF810300023A3616FF079
:10833000804363619DF81E301BB9A36943F01003AD
:10834000A361A2690B4B1343A3619DF822301BB1BB
:10835000A36943F00803A361012E04D02846BDE8B9
:10836000F84004B07047A36943F0804343F004032E
:10837000A361F3E700383C80D0F8083813F0060317
:1083800007D0022B07D0062B01D00F207047022008
:108390007047002070470220704710B591F800C068
:1083A0004B78012B23D000F5006ED0F81C380CF070
:1083B0000F040122A24043EA0243C0F81C3800EB3C
:1083C0004C10D0F8003B13F4004F0ED1D0F8003B16
:1083D0008A68C2F30A02097942EA8142134343F0F0
:1083E000805343F40043C0F8003B002010BDD0F898
:1083F0001C280CF00F0E03FA0EF39BB21343C0F8C7
:108400001C3800EB4C10D0F8003913F4004FECD1BD
:10841000D0F800398A68C2F30A02097942EA814237
:1084200042EA8C5C43EA0C0343F0805343F400437C
:10843000C0F80039D9E7000030B40B784A78012A37
:1084400026D000EB4313D3F8002B002A52DBD0F8E0
:108450003C480A7802F00F024FF0010C0CFA02F2CD
:1084600024EA0242C0F83C28D0F81C28097801F020
:108470000F010CFA01FC22EA0C42C0F81C28D3F8C8
:10848000001B234A0A40C3F8002B002030BC704771
:1084900000EB4313D3F80029002A1EDBD0F83C5828
:1084A0000A7802F00F02012404FA02F292B225EADD
:1084B0000202C0F83C28D0F81C28097801F00F010E
:1084C0008C40A4B222EA0404C0F81C48D3F8001976
:1084D000104A0A40C3F80029D7E7D3F8002942F030
:1084E0000062C3F80029D3F8002942F08042C3F8A3
:1084F0000029D3E7D3F8002B42F00062C3F8002B29
:10850000D3F8002B42F08042C3F8002B9FE700BF56
:108510000078F3EF007833EC10B483B00246002308
:108520000193487801280BD00B7802EB4313D3F862
:10853000000B00282DDB002003B05DF8044B7047D2
:108540000B7802EB4313D3F80049002C01DB002029
:10855000F2E7D3F8004944F00064C3F800490B780F
:1085600002EB4313D3F8004944F08044C3F80049B8
:10857000019B01330193019C42F210739C42DBD8B2
:108580000B7802EB4313D3F80039002BF0DB00200B
:10859000D2E7D3F8000B40F00060C3F8000B0B7873
:1085A00002EB4313D3F8000B40F08040C3F8000BFC
:1085B000019B01330193019842F21073984208D84D
:1085C0000B7802EB4313D3F8003B002BF0DB0020C9
:1085D000B2E70120B0E710B59DF8084084B9033335
:1085E0004FEA930E4FF0000C08E000EB023303F566
:1085F000805351F8044B1C600CF1010CF445F4D38A
:10860000002010BDF0B583B00C784B78012B2FD033
:1086100000EB441C0CF530631D69ED0CED041D618D
:108620001D6925F0FF5525F4C0151D61002C40F093
:10863000CF800C690CB18C680C618C680C621D6970
:10864000C4F312042C431C611C6944F400241C6113
:10865000012A00F0E0800B79012B00F0E280DCF8C9
:10866000003B43F00443CCF8003B002003B0F0BDD6
:108670000B6983BB00EB4413D3F8105925F0FF5569
:1086800025F4C015C3F81059D3F8105945F4002546
:10869000C3F81059D3F81059ED0CED04C3F8105974
:1086A000012A53D000EB4414D4F8003943F00443BA
:1086B000C4F800390B79012B71D00B69002BD4D091
:1086C000D0F834380A7802F00F0101228A401343AF
:1086D000C0F83438C9E700EB441303F510631D6993
:1086E000ED0CED041D611D6925F0FF5525F4C01545
:1086F0001D6184B90E698D68AE4200D90D611D6996
:1087000045F400251D611D690E69C6F3120C45EA8A
:108710000C051D61C4E70D698E683544013DB5FB4C
:10872000F6F51E69484F07EAC54C46EA0C061E617D
:108730000E79012EE7D11E6926F0C0461E611E6922
:108740006D0705F0C04535431D61DCE7CB691BB102
:1087500000EB4412C2F814390B79012B08D000EB5E
:108760004410D0F8003943F00443C0F800397CE7E6
:10877000D0F8083813F4807F08D100EB4412D2F807
:10878000003943F00053C2F80039E8E700EB441227
:10879000D2F8003943F08053C2F80039DFE7D0F84F
:1087A000083813F4807F0CD1D4F8003943F000531B
:1087B000C4F8003900920B8A0A78C968FFF70BFFEA
:1087C00053E7D4F8003943F08053C4F80039F1E797
:1087D0000C6954B91C698D68C5F312052C431C61E2
:1087E0001C6944F400241C6132E78D682C44013C70
:1087F000B4FBF5F4A4B204FB05F50D621D69124E3D
:1088000006EAC4442C431C611C690D6AC5F31205B9
:108810002C431C611CE7CA68002A3FF41CAF5A6154
:1088200019E7D0F8083813F4807F06D1DCF8003B54
:1088300043F00053CCF8003B11E7DCF8003B43F079
:108840008053CCF8003B0AE70000F81F00B583B066
:10885000844608464FEA920E02F00302002305E028
:108860000CF58051096840F8041B01337345F7D3B8
:108870009AB10CF5805CDCF8003001934FF0000CED
:108880005FFA8CF3D900019BCB4000F8013B0CF15F
:10889000010C013A92B2002AF2D103B05DF804FB58
:1088A0000B784A78012A14D000EB4310D0F8002B43
:1088B000002A06DB2BB1D0F8003B23F08043C0F840
:1088C000003BD0F8003B43F40013C0F8003B00200D
:1088D000704700EB4310D0F80029002A06DB2BB1CB
:1088E000D0F8003923F08043C0F80039D0F80039BF
:1088F00043F40013C0F80039E9E70B784A78012AFD
:108900000ED000EB4310D0F8003B23F40013C0F866
:10891000003B0B79023BDBB2012B15D900207047DD
:1089200000EB4310D0F8003923F40013C0F80039ED
:108930000B79023BDBB2012BF0D8D0F8003943F0C1
:108940008053C0F80039E9E7D0F8003B43F080538A
:10895000C0F8003BE2E7D0F8003823F4FE63C0F82B
:108960000038D0F80038090101F4FE611943C0F85D
:10897000001800207047D0F8003E23F00303C0F831
:10898000003ED0F8043823F00203C0F80438002079
:108990007047D0F8003E23F00303C0F8003ED0F843
:1089A000043843F00203C0F80438002070474269DD
:1089B000806910407047D0F8183800F50060C06931
:1089C0001840000C7047D0F8183800F50060C069F6
:1089D000184080B2704700EB4111D1F8082B00F528
:1089E000006040691040704710B4D0F81048D0F8CB
:1089F000343801F00F02D340DB01DBB2234300EB3C
:108A0000411000F51060806818405DF8044B704715
:108A1000406900F00100704738B50546C36823F08F
:108A2000C043C360012913D019BBC36843F080431E
:108A3000C36000240A20FBF7A9FD0A342846FFF78B
:108A4000E7FF08B1C72CF5D9C82C14D0002038BDD9
:108A5000C36843F00053C36000240A20FBF796FD6F
:108A60000A342846FFF7D4FF0128EDD0C72CF4D9EB
:108A7000EAE70120EBE70120E9E7D0F8003923F429
:108A8000FF6323F00703C0F80039D0F8043843F43B
:108A90008073C0F8043800207047000010B4046CE4
:108AA000154B9C4203D9D0F8003B002B16DB002469
:108AB000C0F8104BD0F8104B44F40024C0F8104B11
:108AC000D0F8104B44F01804C0F8104BD0F8104BFD
:108AD00044F0C044C0F8104B012903D000205DF8D9
:108AE000044B7047C0F8142BD0F8003B43F08023B0
:108AF000C0F8003BF2E700BF0A30544F10B5D0F881
:108B0000D43203F1B00250F822408CB100EB820065
:108B100043687BB194F80002FF280DD09B6894F85D
:108B2000012221469847FF2384F80032002010BD1F
:108B30000320FCE70020FAE70020F8E70A2303807F
:108B400000487047E8070020F8B506460F4F82211D
:108B5000384600F024FC05460121384600F01FFC91
:108B600004468121384600F01AFC0DB11022AA718A
:108B70001CB1402222710022627118B140220271A0
:108B800000224271432333800048F8BDA40700202F
:108B9000F8B506460F4F8221384600F000FC054626
:108BA0000121384600F0FBFB04468121384600F0E5
:108BB000F6FB0DB11022AA711CB1402222710022D5
:108BC000627118B140220271002242714323338046
:108BD0000048F8BDA4070020F8B506460F4F8221D3
:108BE000384600F0DCFB05460121384600F0D7FB93
:108BF00004468121384600F0D2FB0DB11022AA7143
:108C00001CB1002222710222627118B1002202718D
:108C100002224271432333800048F8BDA40700209C
:108C200038B5D0F8D432B03350F8235095B104465B
:108C300005F0C8FEC5F80C02D4F8D432B03304EB0A
:108C400083046368DB6805F50371D5F8040298476F
:108C5000002038BD0320FCE738B5D0F8C852D0F862
:108C6000D432B03350F8234084B301F00F0303EB48
:108C7000830200EB820292694AB103EBC30C05EB5D
:108C80008C05ED69B2FBF5FC05FB1C2292B10023BB
:108C9000C4F81432D0F8D432B03300EB8300436808
:108CA0001B69ABB10A4604F50471D4F80802984771
:108CB000002038BD03EB830300EB830300249C6199
:108CC0002346224605F0C6FE2046F2E70320F0E7E1
:108CD0000020EEE7F0B583B0D0F8D43203F1B00253
:108CE00050F8227000228DF80720ADF80420002FE4
:108CF0007BD004460D46097811F0600634D0202E52
:108D00006CD1EA882AB311F0800F07D16B7887F80D
:108D10000032EA883F2A13D8D2B212E0B03300EB17
:108D200083035B689B68394668789847EA88072A16
:108D300028BF07223946204600F0E8FE002651E011
:108D4000402287F801223946204600F0F4FE002632
:108D500048E0B03300EB830463689B680022294637
:108D60006878984700263DE06F780B2F31D8DFE810
:108D700007F006393030303030303030162690F879
:108D80009C32DBB2032B04D0294600F045FB0326BE
:108D900028E0022201A900F0B9FE3E4622E090F848
:108DA0009C32DBB2032B04D0294600F035FB0326AE
:108DB00018E001220DF1070100F0A8FE12E090F882
:108DC0009C32DBB2032B0DD0294600F025FB032695
:108DD00008E0294600F020FB032603E0294600F0C6
:108DE0001BFB0326304603B0F0BD0326FAE738B577
:108DF0000446812105F00EFE00252587012120462D
:108E000005F008FEA4F878518221204605F002FE04
:108E1000A4F84C50A4F84E50D4F8D43203F1B00268
:108E200054F822209AB1B03304EB83035B685B688B
:108E30009847D4F8D432B03354F8230005F0CCFD71
:108E4000D4F8D432B03344F82350C4F8BC520020D4
:108E500038BD70B504464FF4077005F0B9FD002821
:108E600049D005464FF40772002106F035FCD4F8CE
:108E7000D432B03344F82350C4F8BC52237C002BC6
:108E800041D14FF4007302228121204605F0B7FD45
:108E9000012626874FF4007302223146204605F052
:108EA000AEFDA4F878611023A4F84E300823032205
:108EB0008221204605F0A3FD0123A4F84C300026B2
:108EC000C5F80462D4F8D432B03304EB83035B6892
:108ED0001B689847C5F81462C5F81862D5F80422D3
:108EE00062B3257C1DBB4FF400730121204605F0C1
:108EF000B9FD284670BDD4F8D432B033002244F80E
:108F000023200225F5E7402302228121204605F097
:108F100076FD01262687402302223146204605F0B1
:108F20006EFDA4F878611023A4F84E30BEE740230C
:108F30000121204605F096FD0025DAE70225D8E755
:108F400039B1D0F8D432B03300EB83004160002057
:108F5000704703207047D0F8D432B03350F8233034
:108F60002BB1C3F80812C3F8102200207047032069
:108F70007047D0F8D432B03350F823301BB1C3F867
:108F80000412002070470320704710B5D0F8D43287
:108F9000B03350F8232092B1047C44B94FF40073ED
:108FA000D2F80422012105F05DFD204610BD4023CA
:108FB000D2F80422012105F055FD0024F5E7032431
:108FC000F3E798B108B503460020C3F8B802C3F828
:108FD000C402C3F8D00209B1C3F8B412012183F866
:108FE0009C121A70184605F0A3FC08BD03207047B8
:108FF00010B582B00023ADF8063089B10446C0F840
:10900000B812CB6A23B10DF106009847C4F8D0021C
:10901000D4F8D8320133C4F8D832002002B010BDE1
:109020000320FBE708B505F0E2FC08BD08B5D0F861
:10903000B83213B11B68984708BD0020FCE708B59B
:10904000D0F8B8325B68984700B908BD0320FCE748
:1090500038B5044600F2AA25284600F0C9F90123D4
:10906000C4F89432B4F8B032C4F8983294F8AA1222
:1090700001F01F03012B0DD0022B10D02BB101F0FA
:109080008001204605F0CEFC03E02946204600F092
:1090900085FB38BD2946204600F0BBFBF9E7294691
:1090A000204600F0F8FBF4E7F8B50446012380F809
:1090B0009C320023C0F894324360C0F8A43280F898
:1090C000A032D0F8B832DBB15B68DBB10021984741
:1090D0000746C8B9402300221146204605F08FFC00
:1090E0000126A4F864614025C4F860512B46002293
:1090F0008021204605F083FCA68425623846F8BD11
:109100000027E7E70027E5E70327E3E701740020EE
:10911000704790F89C32DBB2042B04D090F89C325C
:10912000DBB280F89D32042380F89C320020704727
:1091300090F89C32DBB2042B01D00020704790F8ED
:109140009D32DBB280F89C32F7E708B590F89C328C
:10915000DBB2032B01D0002008BDD0F8B832002BC1
:10916000F9D0DB69002BF6D09847F4E708B5D0F8C2
:10917000D432AE3350F823205AB190F89C32DBB28F
:10918000032B01D0002008BD136A23B198470020AB
:10919000F9E70320F7E70020F5E708B5D0F8D43267
:1091A000AE3350F823205AB190F89C32DBB2032B37
:1091B00001D0002008BD536A23B198470020F9E789
:1091C0000320F7E70020F5E70020704708B50123EA
:1091D00080F89C32D0F8B83223B15B6801799847A7
:1091E00010B908BD0020FCE70320FAE70020704713
:1091F0000020704738B504460D46002943D1134678
:10920000D0F89422032A01D0084638BDD0F85C116A
:10921000D0F86021914212D890F8AA3203F01F03CF
:10922000012B17D0022B1CD0284694F89C32DBB2BD
:10923000032B1BD0204600F095FC2846E5E7891A51
:10924000C0F85C118A4228BF0A46194600F082FC29
:109250002846DAE790F8AE12FFF7C8FF0028E9D1F8
:10926000E3E790F8AE12FFF7C3FFF7E700F1AE03B4
:1092700054F823301A69002ADCD0C4F8D4021B69E0
:1092800020469847D6E701F07F01FFF7B1FF90B97C
:1092900094F89C32DBB2032BB7D100F1AE0354F843
:1092A00023309A69002AB0D0C4F8D4029B692946B9
:1092B00020469847A9E70020A7E738B504460D46A1
:1092C00000294BD11346D0F89422022A07D094F8F3
:1092D000A00218B1002384F8A032284638BDC26924
:1092E000016A8A420ED88A4218D094F89C32DBB2C6
:1092F000032B27D08021204605F094FB204600F068
:109300003CFCE4E7521AC261194600F00CFC002351
:109310001A461946204605F0A5FBD8E7836999420D
:10932000E3D8D0F898229342DFD20022114600F011
:10933000FAFB0021C4F898120B460A46204605F0B5
:1093400091FBC4E7D4F8B832DA68002AD2D0002200
:10935000C4F8D422DB6820469847CBE741F080016F
:10936000FFF746FF90B994F89C32DBB2032BB5D1DE
:1093700000F1AE0354F823305A69002AAED0C4F885
:10938000D4025B69294620469847A7E70020A5E755
:1093900003780A8813440B80037818447047428886
:1093A00003789A4218D930B583B004460D46ADF81B
:1093B00006306288BDF806309A420AD90DF10601DE
:1093C000FFF7E6FF4378052BF3D18378AB42F0D16A
:1093D00000E0002003B030BD0020704703460020AD
:1093E00002E00130C0B201331A78002AF9D1704787
:1093F0000B7803704B7843708B78CA7843EA02236A
:1094000043800B794A7943EA022383808B79CA79B6
:1094100043EA0223C380704710B50446802105F05B
:1094200001FB0021204605F0FDFA10BD30B583B0E8
:1094300004460D460023ADF806304A88130A013B66
:10944000062B00F2AB80DFE803F0041F33A9A98DDF
:109450009A00D0F8B4321B680DF10601007C9847E1
:10946000EA88002A00F0A380BDF80630002B00F047
:1094700099809A4228BF1A46ADF806200146204638
:1094800000F044FB03B030BD037C43B9D0F8B832E0
:109490009B6A0DF10600984702234370E0E7D0F87D
:1094A000B832DB6A0DF10600984702234370D7E714
:1094B000D2B2052A52D8DFE802F003101D2A374441
:1094C000D0F8B4325B6823B10DF10601007C9847F7
:1094D000C6E72946FFF7A0FFD4E7D0F8B4329B686F
:1094E00023B10DF10601007C9847B9E72946FFF743
:1094F00093FFC7E7D0F8B432DB6823B10DF1060162
:10950000007C9847ACE72946FFF786FFBAE7D0F81A
:10951000B4321B6923B10DF10601007C98479FE727
:109520002946FFF779FFADE7D0F8B4325B6923B184
:109530000DF10601007C984792E72946FFF76CFF82
:10954000A0E7D0F8B4329B6923B10DF10601007C8D
:10955000984785E72946FFF75FFF93E72946FFF71E
:109560005BFF8FE7037C33B9D0F8B8325B6B0DF14A
:109570000600984774E72946FFF74EFF82E7037C11
:1095800043B9D0F8B8321B6B0DF10600984707239A
:10959000437065E72946FFF73FFF73E72946FFF76A
:1095A0003BFF6FE729462046FFF736FF6AE7204674
:1095B00000F0D8FA66E738B504468B88FBB9CB884B
:1095C000EBB94B887F2B1AD803F07F0590F89C32BB
:1095D000DBB2032B0CD080F89E52294605F032FAFC
:1095E000204600F0BFFA35B1022384F89C3209E02E
:1095F000FFF712FF06E0012384F89C3202E02046C8
:10960000FFF70AFF38BD000070B504460E468D789E
:109610002F4B1D70012D10D890F89C32DBB2022B1D
:109620000FD0032B26D0FFF7F7FE294B19782046E1
:10963000FFF705FD0325284670BDFFF7EDFE032566
:10964000F9E7A5B145602946FFF7F0FC054638B1BA
:1096500031462046FFF7E0FE022384F89C32EAE719
:10966000204600F07FFA032384F89C32E3E700F001
:1096700079FAE0E7CDB141688D4225D0C9B2FFF754
:10968000DEFC134B197861602046FFF7CFFC0546DE
:10969000B0B131462046FFF7BFFE21792046FFF7E3
:1096A000CEFC022384F89C32C5E7022380F89C326A
:1096B00045602946FFF7C3FC204600F053FABAE79D
:1096C000204600F04FFAB6E700F04CFA0025B2E76A
:1096D000E414002008B5CB88012B0BD190F89C3204
:1096E000DBB2022B09D9032B09D10122011D00F0A5
:1096F0000DFA01E0FFF790FE08BD5BB213B9FFF76A
:109700008BFEF9E70146002341F8083F012200F0F3
:10971000FDF9F1E708B590F89C32013B022B12D815
:10972000CB88022B0CD10123C360D0F8A4320BB13B
:109730000323C360022200F10C0100F0E7F908BD29
:10974000FFF76AFEFBE7FFF767FEF8E708B54B880F
:10975000012B04D0022B07D0FFF75EFE08BDC0F836
:10976000A43200F0FFF9F9E78B881B0A80F8A032D9
:1097700000F0F8F9F2E708B590F89C32013B022BB3
:1097800009D84B88012B00D008BD0023C0F8A432B3
:1097900000F0E8F9F8E7FFF73FFEF5E738B50C7899
:1097A00004F06004202C06D0402C04D06CB1FFF7EC
:1097B00033FE002407E0D0F8D432AE3350F8233023
:1097C0009B6898470446204638BD4D78092D1DD822
:1097D000DFE805F012191C161C08051C0F0BFFF71B
:1097E00025FEF0E7FFF7E7FEEDE7FFF70DFF044684
:1097F000E9E7FFF76FFFE6E7FFF78CFF2C46E2E7AC
:10980000FFF7A4FFDFE7FFF7B6FFDCE7FFF704FE93
:10981000D9E770B505460C460B7803F06003202BA2
:1098200007D0402B05D023B1FFF7F6FD00263046C8
:1098300070BD95F89C32013B022B26D82179012975
:1098400005D921462846FFF7E7FD0026EFE7284621
:10985000FFF7CCFC68B900F1AE0255F82220916800
:1098600089B1C5F8D4029368214628469847064630
:1098700000E00326E388002BD9D1002ED7D128465B
:1098800000F070F9D3E70326F4E721462846FFF7F6
:10989000C3FD0026CBE72DE9F04106460D468B8837
:1098A000DFB20C7804F06004202C08D0402C06D0E5
:1098B000DCB1FFF7B1FD00242046BDE8F081394658
:1098C0003046FFF795FC0446002840F0F880C6F8C3
:1098D000D40200F1AE0356F823309B68002BEBD086
:1098E0002946304698470446E6E791F80180B8F1EA
:1098F000010F31D0B8F1030F05D0B8F1000F67D0D8
:10990000FFF78AFDD8E790F89C32DBB2022B04D037
:10991000032B12D0FFF780FDCEE70FB1802F04D1CB
:1099200029463046FFF778FDC6E7394605F07AF854
:109930008021304605F076F8BEE74B8823B91FB189
:10994000802F01D0CB881BB1304600F00BF9B3E774
:10995000394605F067F8F7E790F89C32DBB2022B46
:1099600004D0032B12D0FFF757FDA5E70FB1802FCE
:1099700004D129463046FFF74FFD9DE7394605F0F3
:1099800051F88021304605F04DF895E74B88002BC3
:1099900092D117F07F0F17D1304600F0E3F8394627
:1099A0003046FFF725FC002886D1C6F8D40200F126
:1099B000AE0256F822209268002A00F082802946E2
:1099C00030469047044677E7394605F033F8E3E739
:1099D00090F89C22D2B2022A05D0032A27D0FFF7A2
:1099E0001BFD444668E70FB1802F13D113F0800FA1
:1099F00014D107F07F0707EB8707B90001F5A871BD
:109A00003144043100230B600222304600F07EF81E
:109A1000444651E7FFF700FD44464DE707F07F0756
:109A200007EB8707B900103131440431EAE75BB234
:109A3000002B1FDB07F00F0202EB820200EB820219
:109A4000B2F864211AB3002B25DB07F07F0303EB88
:109A500083039C0004F5A874344404340FB1802FB0
:109A600022D10023236002222146304600F04EF826
:109A7000444621E707F00F0202EB820200EB82026C
:109A8000928C002ADFD1FFF7C7FC444614E7FFF7AA
:109A9000C3FC444610E707F07F0303EB83039C00FD
:109AA000103434440434D9E73946304604F074FFA6
:109AB00010B101232360D6E700232360D3E70024FD
:109AC000FAE60446F8E600B370B50D4616460446BD
:109AD000FFF784FC01304300B3F5007F06D89BB24A
:109AE00033802B7003236B7002230AE04FF4007362
:109AF000F6E7EA5401345A1CD2B20021A9540233C9
:109B0000DBB22278002AF4D170BD704708B5134645
:109B10000222C0F894228361C3610A46002104F046
:109B200099FF002008BD08B513460A46002104F03D
:109B300091FF002008BD08B513460322C0F8942207
:109B4000C0F85831C0F85C310A46002104F08AFFA1
:109B5000002008BD08B513460A46002104F082FF24
:109B6000002008BD08B50422C0F8942200231A463C
:109B7000194604F06FFF002008BD08B50522C0F8A3
:109B8000942200231A46194604F06CFF002008BDF9
:109B900008B54FF0E0231B6901F02EFE012800D12B
:109BA00008BD00F0EFF9FBE7EFF305832BB9064B97
:109BB000186828B901221A6070476FF005007047D5
:109BC0004FF0FF30704700BF44170020EFF30583CC
:109BD00073B90A4B1B68012B0DD110B50024084B3B
:109BE000DC77064B02221A6001F0C4FA204610BD51
:109BF0006FF0050070474FF0FF30704744170020AA
:109C000000ED00E0F0B587B000240594EFF3058483
:109C100074BB68B322B31568936903B918235C1E3B
:109C2000372C49D8546814F0010F47D156696EB1EA
:109C30004FEA960C94682CB1D7685B2F02D917694C
:109C400007B1C6B92CB14FF0FF340EE04FF0800CD5
:109C5000F0E7D4688CB9146994B14FF0FF3404E094
:109C60001546002418234FF0800C012C0AD0ACB10B
:109C7000059807B0F0BD0124F7E74FF0FF34F4E793
:109C80000024F2E7146992680292019400930B4653
:109C90006246294601F046F90590E9E705AA0192D6
:109CA00000930B461FFA8CF2294601F076F9012841
:109CB000DED000230593DBE70020DAE70020D8E7B9
:109CC000EFF305835BB910B5044658B101F00AFA09
:109CD00004280AD0204601F095F9002010BD6FF04D
:109CE000050070476FF00300F8E76FF00200F5E73A
:109CF00008B5EFF3058333B908B9002008BD01F0BA
:109D0000B9FB0020FAE76FF00500F7E770470000A5
:109D1000034B0360034B0B6080231360704700BF4D
:109D2000E8160020E8140020034B0360034B0B608F
:109D30004FF4807313607047481B002048170020C1
:109D400000F1080343604FF0FF328260C36003619B
:109D500000230360704700230361704743684B6032
:109D60009A688A60516099600861036801330360F2
:109D7000704730B40D68B5F1FF3F11D000F1080312
:109D80001C465B681A68AA42FAD963684B609960FE
:109D90008C606160086103680133036030BC704708
:109DA0000469F2E70369416882688A60416851602A
:109DB0005A68824206D0002202611A68013A1A608B
:109DC0001868704782685A60F5E7000082B0002387
:109DD00001930D4B1B68B3F1FF3F08D04FF05003C8
:109DE00083F31188BFF36F8FBFF34F8FFEE74FF000
:109DF000500383F31188BFF36F8FBFF34F8F019B25
:109E0000002BFCD002B07047F4070020084800681F
:109E1000006880F308884FF0000080F3148862B671
:109E200061B6BFF34F8FBFF36F8F00DF00BF00003D
:109E300008ED00E0DFF80C00016841F470010160FA
:109E40007047000088ED00E04FF0807340F8043C5C
:109E500021F0010140F8081C054B40F80C3C40F88B
:109E6000202C6FF0020340F8243C4438704700BFB8
:109E7000CD9D000800000000000000000000000070
:109E8000074B19680868B0E8F04F80F30988BFF302
:109E90006F8F4FF0000080F311887047AFF30080A0
:109EA0000C1C01204FF0500383F31188BFF36F8F18
:109EB000BFF34F8F0B4A136801331360012B00D09F
:109EC00070474FF0E023D3F8043D13F0FF0FF7D0B5
:109ED0004FF0500383F31188BFF36F8FBFF34F8FA1
:109EE000FEE700BFF4070020094B1B6843B94FF0A1
:109EF000500383F31188BFF36F8FBFF34F8FFEE7DB
:109F0000013B034A13600BB983F31188704700BF0C
:109F1000F407002000000000000000000000000026
:109F2000EFF30980BFF36F8F154B1A681EF0100F07
:109F300008BF20ED108A20E9F04F10602DE90900DC
:109F40004FF0500080F31188BFF34F8FBFF36F8F36
:109F500001F00AFB4FF0000080F3118809BC19687A
:109F60000868B0E8F04F1EF0100F08BFB0EC108A80
:109F700080F30988BFF36F8F704700BFAFF3008095
:109F80000C1C012008B502F08BFC4FF0500383F34A
:109F90001188BFF36F8FBFF34F8F01F05DF958B198
:109FA0004FF0E0234FF08052C3F8042D02F0B0FCD4
:109FB000002383F3118808BD02F096FCF8E7000047
:109FC0004FF0E022002313619361054B1B680549A4
:109FD000A1FB03139B09013B5361072313617047E6
:109FE00060070020D34D62104FF0E023D3F8002D1E
:109FF0003D4B9A421CD04FF0E023D3F8002D3B4B51
:10A000009A421ED030B583B0394B1A78D2B2019241
:10A01000FF221A701B78DBB28DF803309DF80330F5
:10A0200003F05003334A1370334B07221A601BE0CE
:10A030004FF0500383F31188BFF36F8FBFF34F8F3F
:10A04000FEE74FF0500383F31188BFF36F8FBFF328
:10A050004F8FFEE7284A1368013B13609DF80330D9
:10A060005B00DBB28DF803309DF8033013F0800FF6
:10A07000F0D1214B1B68032B08D04FF0500383F322
:10A080001188BFF36F8FBFF34F8FFEE71B021A4A91
:10A09000136003F4E0631360019BDBB2144A137096
:10A0A0004FF0E024D4F8203D43F47003C4F8203D81
:10A0B000D4F8203D43F07043C4F8203DFFF780FF03
:10A0C00000250E4B1D60FFF7B5FED4F8343F43F07A
:10A0D0004043C4F8343FFFF799FE01F045FAFFF71B
:10A0E00075FE284603B030BD71C20F4170C20F41EA
:10A0F00000E400E0A41B0020A81B0020F4070020BF
:10A10000EFF305830F2B0FD9114A9B5CDBB2114A89
:10A1100012789A4208D94FF0500383F31188BFF3A5
:10A120006F8FBFF34F8FFEE74FF0E023D3F80C3D66
:10A1300003F4E063084A1268934208D94FF05003D1
:10A1400083F31188BFF36F8FBFF34F8FFEE7704724
:10A15000F0E300E0A41B0020A81B0020124A12F02C
:10A16000070F1ED0D11D21F00701C1F58033134424
:10A170000A460E480260002141601344083B23F068
:10A1800007030B48036059601960991A5160136006
:10A19000084B1960084B1960084B4FF000421A60D9
:10A1A00070474FF48033E4E7B01B0020C41B01204C
:10A1B000AC1B0020B81B0120B41B0120B01B0120E8
:10A1C000164B1A461B688342FBD3516802EB010C05
:10A1D000844509D0416800EB010C634509D0036058
:10A1E000904219D010607047406801445160104699
:10A1F000F0E710B40A4C2468A3420BD05B68194402
:10A20000416013681B680360904200D010605DF8E5
:10A21000044B70470460F7E7704700BFC41B012080
:10A22000AC1B002070B5054601F000F8364B1B68EA
:10A23000A3B1364B1B681D424ED135B1083515F020
:10A24000070F02D025F007050835002D46D0304B0A
:10A250001B68AB4251D32F4A146804E0FFF77EFF1E
:10A26000E7E722461C466368AB4202D22368002B14
:10A27000F7D1254B1B68A34241D0166808362368E6
:10A28000136063685B1B102B10D9601910F0070F67
:10A2900008D04FF0500383F31188BFF36F8FBFF3E3
:10A2A0004F8FFEE743606560FFF78AFF62681849D9
:10A2B0000B689B1A0B60184909688B4201D216493A
:10A2C0000B60124B1B681343636000232360134A27
:10A2D00013680133136002E0002600E0002601F05D
:10A2E0004BF816F0070F0CD04FF0500383F3118892
:10A2F000BFF36F8FBFF34F8FFEE70026EFE7002617
:10A30000EDE7304670BD00BFAC1B0020B01B012044
:10A31000B41B0120C41B0120B81B0120BC1B012061
:10A32000002834D038B50446A0F1080550F8043CA4
:10A33000174A1268134208D14FF0500383F3118873
:10A34000BFF36F8FBFF34F8FFEE750F8081C41B18A
:10A350004FF0500383F31188BFF36F8FBFF34F8F1C
:10A36000FEE723EA020340F8043C00F05FFF54F8E4
:10A37000041C084A13680B4413602846FFF720FFAB
:10A38000054A13680133136000F0F6FF38BD7047CB
:10A39000B01B0120B41B0120C01B012010B50446D6
:10A3A000FFF780FDA26BE36B9A4204D00024FFF715
:10A3B0009BFD204610BD0124F9E710B50446FFF7C8
:10A3C00071FDA36B23B90124FFF78EFD204610BD5C
:10A3D0000024F9E770B504461546866B026C5AB93D
:10A3E00003681BB100200136A66370BD806801F0D0
:10A3F00013FA0023A360F6E76DB9406805F05EF933
:10A40000226C636813446360A268934219D3236883
:10A4100063602846E7E7C06805F050F9226C5142B6
:10A42000E3689B1AE3602268934202D2A3680B445C
:10A43000E360022D01D00020D5E726B1013E0020C7
:10A44000D1E72846CFE70020CDE70346026C6AB18A
:10A4500010B50846D9681144D9609C68A14201D35F
:10A460001968D960D96805F029F910BD704738B569
:10A470000546FFF717FD95F8454064B201E0013C41
:10A4800064B2002C0ADD6B6A43B105F1240001F0CF
:10A49000FDF80028F3D001F09DF9F0E7FF2385F8DF
:10A4A0004530FFF721FDFFF7FDFC95F8444064B20D
:10A4B00001E0013C64B2002C0ADD2B6943B105F1D7
:10A4C000100001F0E3F80028F3D001F083F9F0E781
:10A4D000FF2385F84430FFF707FD38BD38B5E0B1FC
:10A4E0000D460446FFF7DEFC2368E26B216C01FB9E
:10A4F0000230A0600020A0636360013A02FB0133D8
:10A50000E360FF2384F8443084F84530FDB92369C3
:10A5100063B9FFF7E9FC012038BD4FF0500383F326
:10A520001188BFF36F8FBFF34F8FFEE704F1100068
:10A5300001F0ACF80028ECD04FF0E0234FF080524F
:10A54000C3F8042DBFF34F8FBFF36F8FE1E704F122
:10A550001000FFF7F5FB04F12400FFF7F1FBD8E74B
:10A56000F8B505461E46069C0F4679B92460E5639A
:10A57000276401212046FFF7B1FF84F84C60334681
:10A580003A462946732002F033F8F8BD2260EEE720
:10A5900040B94FF0500383F31188BFF36F8FBFF3BF
:10A5A0004F8FFEE710B584B01C46844653B192B17C
:10A5B00089B94FF0500383F31188BFF36F8FBFF356
:10A5C0004F8FFEE74FF0500383F31188BFF36F8F77
:10A5D000BFF34F8FFEE76AB150230393039B502BC9
:10A5E00013D04FF0500383F31188BFF36F8FBFF385
:10A5F0004F8FFEE70029EFD04FF0500383F311880F
:10A60000BFF36F8FBFF34F8FFEE7039B012384F8E7
:10A61000463000949DF818306046FFF7A1FF2046B1
:10A6200004B010BD40B94FF0500383F31188BFF35D
:10A630006F8FBFF34F8FFEE7F0B583B00D46144622
:10A64000064601FB00F05030FFF7ECFD074650B125
:10A65000002380F846300090234600F1500229463E
:10A660003046FFF77DFF384603B0F0BDF0B587B048
:10A67000039288B10E461D460446B1B1022D20D189
:10A68000E36B012B1DD04FF0500383F31188BFF310
:10A690006F8FBFF34F8FFEE74FF0500383F31188A6
:10A6A000BFF36F8FBFF34F8FFEE7036C002BE5D036
:10A6B0004FF0500383F31188BFF36F8FBFF34F8FB9
:10A6C000FEE701F099F8074658B9039B002B5CD0D0
:10A6D0004FF0500383F31188BFF36F8FBFF34F8F99
:10A6E000FEE7002751E0204601F0ACFD0146009551
:10A6F000039B32465A2001F0B5FF2A4631462046D8
:10A70000FFF768FE636A7BB948B14FF0E0234FF072
:10A710008052C3F8042DBFF34F8FBFF36F8FFFF745
:10A72000E3FB012007B0F0BD04F1240000F0AEFF10
:10A730000028F4D04FF0E0234FF08052C3F8042DEE
:10A74000BFF34F8FBFF36F8FE9E7FFF7CDFB2046D5
:10A7500001F078FD01460095039B32465A2001F036
:10A7600081FF0020DEE704A800F0D8FF012719E0F0
:10A77000002384F8443021E0002384F8453023E0AE
:10A780002046FFF774FE00F0F7FDFFF78BFBA26B8E
:10A79000E36B9A42A7D3022DA5D0039B002BD4D004
:10A7A000002FE0D0FFF7A0FB00F040FDFFF77AFBA1
:10A7B00094F8442052B2B2F1FF3FD9D094F845202A
:10A7C00052B2B2F1FF3FD7D0FFF78EFB03A904A826
:10A7D00000F0B0FFD8B92046FFF7E0FD0028CFD049
:10A7E000039904F1100000F019FF2046FFF73FFE27
:10A7F00000F0C2FD0028C8D14FF0E0234FF0805296
:10A80000C3F8042DBFF34F8FBFF36F8FBDE7204612
:10A81000FFF72DFE00F0B0FD204601F013FD0146CC
:10A820000095039B32465A2001F01CFF002079E777
:10A830002DE9F84390B10F4616461C460546B1B1C6
:10A84000022C20D1EB6B012B1DD04FF0500383F372
:10A850001188BFF36F8FBFF34F8FFEE74FF05003A8
:10A8600083F31188BFF36F8FBFF34F8FFEE7036C45
:10A87000002BE5D04FF0500383F31188BFF36F8FA7
:10A88000BFF34F8FFEE7FFF73BFCEFF311894FF06B
:10A89000500383F31188BFF36F8FBFF34F8FAA6B01
:10A8A000EB6B9A4201D3022C2BD195F845804FFADD
:10A8B00088F8AB6B284601F0C5FC014632466020A3
:10A8C00001F054FE224639462846FFF783FDB8F1D1
:10A8D000FF3F09D008F101035BB285F84530012044
:10A8E00089F31188BDE8F8836B6A0BB90120F7E79B
:10A8F00005F1240000F0CAFE68B176B10120306095
:10A90000EEE7284601F09EFC01463246602001F049
:10A910002DFE0020E4E70120E2E70120E0E7F0B5AA
:10A9200087B0039290B10F460446C1B100F064FFB6
:10A93000064600BB039B002B7CD04FF0500383F3F3
:10A940001188BFF36F8FBFF34F8FFEE74FF05003B7
:10A9500083F31188BFF36F8FBFF34F8FFEE7036C54
:10A96000002BE3D04FF0500383F31188BFF36F8FB8
:10A97000BFF34F8FFEE700265CE039462046FFF725
:10A9800064FD204601F05EFC0646002001F05AFC02
:10A99000024601230093039B31465C2001F062FED6
:10A9A000013DA563236923B9FFF79EFA012007B093
:10A9B000F0BD04F1100000F069FE0028F4D04FF063
:10A9C000E0234FF08052C3F8042DBFF34F8FBFF345
:10A9D0006F8FE9E7FFF788FA204601F033FC044661
:10A9E000002001F02FFC024601230093039B214627
:10A9F0005C2001F037FE0020D9E704A800F08EFEAD
:10AA0000012621E0002384F8443029E0002384F863
:10AA100045302BE02046FFF72AFD00F0ADFC09E0B1
:10AA20002046FFF724FD00F0A7FC2046FFF7C5FCF9
:10AA300000283FD1FFF736FAA56B002D9DD1039B6F
:10AA4000002BC7D0002ED8D0FFF74EFA00F0EEFB57
:10AA5000FFF728FA94F844305BB2B3F1FF3FD1D04E
:10AA600094F845305BB2B3F1FF3FCFD0FFF73CFA2B
:10AA700003A904A800F05EFE0028D1D12046FFF70C
:10AA80009CFC0028C6D0039904F1240000F0C6FD08
:10AA90002046FFF7ECFC00F06FFC0028CAD14FF015
:10AAA000E0234FF08052C3F8042DBFF34F8FBFF364
:10AAB0006F8FBFE7204601F0C5FB0446002001F080
:10AAC000C1FB024601230093039B21465C2001F059
:10AAD000C9FD00206BE7000010B50C460023072BD2
:10AAE00012D80A4A52F833200AB10133F7E7074A6D
:10AAF00042F8334002EBC303586001F0A3FB014668
:10AB00002246712001F032FD10BD00BFCC1B012098
:10AB10000023072B0FD8084A02EBC3025268824277
:10AB200001D00133F5E7044A002142F8331002EB6B
:10AB3000C303596070477047CC1B012070B110B53A
:10AB4000044601F07FFB01465F2001F0EFFC204648
:10AB5000FFF7DEFF94F846304BB110BD4FF05003C5
:10AB600083F31188BFF36F8FBFF34F8FFEE720464B
:10AB7000FFF7D6FBF1E770B504460D461646FFF722
:10AB800091F994F844305BB2B3F1FF3F0DD094F8E3
:10AB900045305BB2B3F1FF3F0BD0FFF7A5F9A36BD4
:10ABA0005BB12046FFF763FC70BD002384F844309E
:10ABB000EDE7002384F84530EFE73246294604F1FB
:10ABC000240000F043FDECE7002301E001300133F5
:10ABD0000278A52AFAD0C3F38F007047084B1B6890
:10ABE0001B6823B9074B4FF0FF321A607047044BC4
:10ABF0001B68DB68DB685A68024B1A60704700BF4D
:10AC0000101C0120B82001202DE9F04780460D4698
:10AC100017469946089EDDF824A00A9C9200A521BB
:10AC2000206B04F059FD236B07F18042013A03EBDE
:10AC3000820727F00707002D38D04FF0000CBCF139
:10AC40000F0F0BD815F80C2004EB0C0383F83420FD
:10AC500015F80C3013B10CF1010CF0E7002384F867
:10AC60004330372E00D93726E662E6640025256595
:10AC7000201DFFF770F804F11800FFF76CF824614D
:10AC8000C6F13806A6616462656584F8585084F898
:10AC90005A504A4641463846FFF7D6F82060BAF186
:10ACA000000F01D0CAF80040BDE8F087002384F807
:10ACB0003430D6E738B5002407E004EB8402930073
:10ACC0000E481844FFF73CF80134372CF5D90C4DE9
:10ACD0002846FFF735F80B4C2046FFF731F80A48B5
:10ACE000FFF72EF80948FFF72BF80948FFF728F877
:10ACF000084B1D60084B1C6038BD00BF181C0120AC
:10AD00008C200120A0200120C4200120F02001205F
:10AD1000DC200120101C0120141C012010B582B081
:10AD20000446FFF7BFF82B4A1368013313602A4B20
:10AD30001B685BB1294B1B686BB9274B1B68DA6A30
:10AD4000E36A9A4207D8244B1C6004E0224B1C6043
:10AD50001368012B3BD0224A1368013313606364EC
:10AD600064B1204601F0FCFD236B2268D21A0092E8
:10AD7000E26A04F13401204601F032FF204601F07E
:10AD800037FEE06A174B1B68984201D9154B1860D3
:10AD900000EB8000211D144B03EB8000FEF7DEFF6B
:10ADA000FFF7A2F80D4B1B687BB10B4B1B68DA6AEF
:10ADB000E36A9A4209D24FF0E0234FF08052C3F881
:10ADC000042DBFF34F8FBFF36F8F02B010BDFFF79D
:10ADD00071FFC0E7782001200C1C0120D820012041
:10ADE0008420012088200120181C012010B5044671
:10ADF00090F8593063B1012B11D0022B0ED04FF0D7
:10AE0000500383F31188BFF36F8FBFF34F8FFEE7BB
:10AE1000006BFFF785FA2046FFF782FA10BDFFF7B7
:10AE20007FFAFBE70F4B1B68D3B110B5FFF73AF879
:10AE30000D4BDB68DC68201DFEF7B4FF0B4A13687E
:10AE4000013B1360074A1368013B1360FFF74CF89E
:10AE50002046FFF7CBFF034B1B68002BE6D110BD4C
:10AE6000704700BF7C200120F020012078200120C5
:10AE700070B505460C46194B1E68194B1A6800211F
:10AE800082F85A1018680430FEF78CFFB5F1FF3FC6
:10AE90000DD03544124B1B685D60AE4210D9114B8A
:10AEA00018680F4B19680431FEF763FF70BD002C62
:10AEB000EFD00B4B196804310B48FEF74FFFF5E755
:10AEC0000A4B1868064B19680431FEF752FF084B0D
:10AED0001B68AB42EAD9064B1D60E7E7042101205D
:10AEE0000C1C0120141C0120DC200120101C01205E
:10AEF000B820012008B50BE04FF0E0234FF080525E
:10AF0000C3F8042DBFF34F8FBFF36F8FFEF7FEFE24
:10AF1000FFF788FF024B1B68012BEDD8F6E700BF57
:10AF2000181C012030B587B00B9C7CB10C9DB5B1CD
:10AF30005C250495049D5C2D1AD04FF0500383F3DB
:10AF40001188BFF36F8FBFF34F8FFEE74FF05003B1
:10AF500083F31188BFF36F8FBFF34F8FFEE74FF07E
:10AF6000500383F31188BFF36F8FBFF34F8FFEE75A
:10AF7000049D0C9D2C63022485F859400024039401
:10AF8000029505AC01940A9C0094FFF73DFE0C98D5
:10AF9000FFF7C4FE059807B030BD2DE9F04385B03A
:10AFA0000746884614461E469000FFF73BF900B35B
:10AFB00081465C20FFF736F90546B0B1C0F8309005
:10AFC000E5B1002385F85930039302950D9B019359
:10AFD0000C9B00933346224641463846FFF714FE49
:10AFE0002846FFF79BFE012005E04846FFF798F949
:10AFF000E6E74FF0FF3005B0BDE8F0834FF0FF30DB
:10B00000F9E7000038B50446FEF74CFF74B3251D80
:10B010002846FEF7C7FEA36A1BB104F11800FEF72D
:10B02000C1FE294A136801331360284B1B68A342F1
:10B030001FD0274A1368013B1360204601F002F934
:10B040000146222001F072FA204601F065FD2046FB
:10B05000FFF7CCFEFFF7C2FDFEF746FF1D4B1B6856
:10B060001BB11A4B1B68A34216D038BD174B1C6886
:10B07000CDE729461848FEF771FE184A13680133D8
:10B080001360204601F0DEF80146222001F04EFA5E
:10B09000204601F041FDDFE7114B1B6843B14FF043
:10B0A000500383F31188BFF36F8FBFF34F8FFEE719
:10B0B0004FF0E0234FF08052C3F8042DBFF34F8FC1
:10B0C000BFF36F8FD1E700BF842001200C1C01204B
:10B0D00078200120D8200120F02001207C200120B0
:10B0E00080200120F8B5D0B104461D4B1B68834277
:10B0F0002DD0FEF7D7FE65691A4B1E681A4B1F68E4
:10B10000FEF7F2FEB54224D0BD4224D0174B9D423B
:10B110000ED0174B9D4220D0BDB1012018E04FF05A
:10B12000500383F31188BFF36F8FBFF34F8FFEE798
:10B13000A36A0BB102200BE094F85830DBB2012B6C
:10B1400001D0032004E0022002E0042000E00020FF
:10B15000F8BD0220FCE70220FAE70420F8E700BF70
:10B160000C1C0120101C0120141C0120DC200120DB
:10B17000F020012010B588B000240594069407AA99
:10B1800006A905A8FEF7C4FD059B0293069B019343
:10B1900000942346079A1E491E48FFF7C3FE1E4B24
:10B1A000186040B100F0F4FB012806D0B0F1FF3F79
:10B1B00025D008B010BD0020F6E74FF0500383F310
:10B1C0001188BFF36F8FBFF34F8F144B4FF0FF32D7
:10B1D0001A60134B01221A60124B00221A60124BA4
:10B1E0001A680D4B1B689A4206D00F4B186801F085
:10B1F000DBFBFEF7F9FEDCE701F09EFBF9E74FF021
:10B20000500383F31188BFF36F8FBFF34F8FFEE7B7
:10B21000B8000108F5AE0008B4200120B8200120D4
:10B22000D8200120042101200C1C0120024A1368AF
:10B2300001331360704700BF80200120014B186864
:10B24000704700BF0421012008B5FEF759FF014BEC
:10B25000186808BD04210120F8B53C4B1B68002B81
:10B260006CD13B4B1D6801351D60C5B9394B1B685E
:10B270001B6843B14FF0500383F31188BFF36F8F06
:10B28000BFF34F8FFEE7334A1168334B18681060E5
:10B290001960324A136801331360FFF79FFC304B8B
:10B2A0001B68AB4240D900272E4B1B68DB6A03EBBF
:10B2B00083039A002C4B9B58012B00D901272B4B61
:10B2C0001B68002B3FD001273DE00127214B1B6865
:10B2D0001B685BB31F4B1B68DB68DC6863689D42BF
:10B2E00029D3261D3046FEF75DFDA36A1BB104F18C
:10B2F0001800FEF757FD204601F07AFBE36A1C4A6E
:10B300001268934201D91A4A136003EB83039A002F
:10B31000314615481044FEF721FDE26A114B1B68C7
:10B32000DB6A9A42D1D2D1E70027CFE70C4B4FF02E
:10B33000FF321A60B8E70A4A1360B5E70D4A13688E
:10B340000133136000273846F8BD00BF802001207C
:10B3500004210120101C0120141C0120BC2001200C
:10B36000B82001200C1C0120181C012008210120FC
:10B3700088200120C020012038B5364B1B6843B916
:10B380004FF0500383F31188BFF36F8FBFF34F8FDC
:10B39000FEE7FEF787FD2F4B1A68013A1A601B681B
:10B3A000002B52D12C4B1B680BB900244EE000241B
:10B3B0002A4B1B6833B3294BDB68DC6804F11800A7
:10B3C000FEF7F0FC251D2846FEF7ECFC204601F0B8
:10B3D0000FFBE06A224B1B68984201D9204B186092
:10B3E00000EB800029461F4B03EB8000FEF7B6FC04
:10B3F000E26A1D4B1B68DB6A9A42D9D31B4B0122C0
:10B400001A60D5E70CB1FFF7E9FB194B1C6884B94A
:10B41000164B1C68D4B14FF0E0234FF08052C3F8B4
:10B42000042DBFF34F8FBFF36F8F01240EE0013C5B
:10B4300007D0FFF711FF0028F9D00C4B01221A604A
:10B44000F5E70B4B00221A60E2E70024FEF74CFD03
:10B45000204638BD8020012078200120C420012012
:10B4600088200120181C01200C1C0120082101202B
:10B47000C020012010B5C8B10446124B1B6843B16F
:10B480004FF0500383F31188BFF36F8FBFF34F8FDB
:10B49000FEE7FFF7CBFE2146232001F047F800210D
:10B4A0002046FFF7E5FCFFF767FF48B94FF0E023C0
:10B4B0004FF08052C3F8042DBFF34F8FBFF36F8F4F
:10B4C00010BD00BF8020012038B560B10446FFF7F1
:10B4D000ADFE2046FFF706FE02280DD00024FFF740
:10B4E0004BFF204638BD4FF0500383F31188BFF364
:10B4F0006F8FBFF34F8FFEE7251D2846FEF752FCE6
:10B50000FEF7D0FCA36A33B104F11800FEF74AFC41
:10B51000012384F85A30FEF7E7FC204601F068FA70
:10B52000E06A0D4B1B68984201D90B4B186000EB89
:10B5300080002946094B03EB8000FEF70FFCE26A0E
:10B54000074B1B68DB6A9A4203D90124054B1C6038
:10B55000C5E70124C3E700BF88200120181C012093
:10B560000C1C01200821012008B5264B1B681BB1CB
:10B57000254B01221A6008BD234B00221A60234B81
:10B580001B6803EB83018A0021498A585AB90BB121
:10B59000013BF6E74FF0500383F31188BFF36F8F41
:10B5A000BFF34F8FFEE703EB830082000A4450682D
:10B5B0004068506003EB830C4FEA8C020832114460
:10B5C000884214D003EB83029100114A0A44526866
:10B5D000D168104A11600D490B6012680E4B1B6850
:10B5E0009A420BD00B4B186801F0DEF9C3E74068B4
:10B5F00062469100064A0A445060E3E701F09CF974
:10B60000B9E700BF80200120082101208820012007
:10B61000181C01200C1C0120B420012058B110B5C9
:10B620000C46094A11681831FEF7A3FB0121204698
:10B63000FFF71EFC10BD4FF0500383F31188BFF3DA
:10B640006F8FBFF34F8FFEE70C1C012038B588B118
:10B650000D4614460C4A11681831FEF77FFB0CB1F9
:10B660004FF0FF35242000F04DFF21462846FFF71C
:10B67000FFFB38BD4FF0500383F31188BFF36F8F8A
:10B68000BFF34F8FFEE700BF0C1C012038B5C36825
:10B69000DC683CB304F118052846FEF783FB194B20
:10B6A0001B6843BB251D2846FEF77CFB204601F0A6
:10B6B0009FF9E06A144B1B68984201D9124B18603D
:10B6C00000EB80002946114B03EB8000FEF746FBA0
:10B6D000E26A0F4B1B68DB6A9A4211D901200D4BBD
:10B6E000186038BD4FF0500383F31188BFF36F8F9C
:10B6F000BFF34F8FFEE729460748FEF72FFBE7E72A
:10B700000020EEE78020012088200120181C012065
:10B710000C1C012008210120C4200120034B1B68C0
:10B720000360034B1B684360704700BFBC200120CF
:10B7300004210120F8B5B8B10C460546E9B1FEF781
:10B74000B1FB214B1A686B68D01A2049096891F83F
:10B750005A10D9B11D4B1B68002283F85A200124CE
:10B76000FEF7C2FB2046F8BD4FF0500383F311886B
:10B77000BFF36F8FBFF34F8FFEE74FF0500383F39C
:10B780001188BFF36F8FBFF34F8FFEE72168B1F1D0
:10B79000FF3F14D00E4E36682F68B74201D0934257
:10B7A0000FD9814203D8002323600124D8E79B1AD4
:10B7B0000B4423602846FFF7B1FF0024D0E70024A4
:10B7C000CEE70124CCE700BF042101200C1C01209E
:10B7D000BC200120014B01221A6070470821012082
:10B7E00008B5034618B1186BFFF7EEF908BD014B19
:10B7F0001B68F8E70C1C0120054B1B6833B1054B97
:10B800001B680BB100207047022070470120704771
:10B81000D820012080200120002843D038B50446DC
:10B82000224B1B68834208D04FF0500383F31188EA
:10B83000BFF36F8FBFF34F8FFEE7036D43B94FF038
:10B84000500383F31188BFF36F8FBFF34F8FFEE771
:10B85000013B0365C16AC26C914225D00BB1002047
:10B8600038BD051D2846FEF79DFA21464A2000F006
:10B870005DFEE36CE362C3F13803A361204601F08F
:10B88000B7F8E06A0A4B1B68984201D9084B186068
:10B8900000EB80002946074B03EB8000FEF75EFAC1
:10B8A0000120DDE7002070470020D9E70C1C0120B3
:10B8B00088200120181C0120064B1A6813682BB938
:10B8C0000123036023B9D368186870470023F8E7A1
:10B8D000002070470C21012008B5416000619142B1
:10B8E0000CD8D21A83699A4201D3012008BD011DE8
:10B8F000094B1868FEF73DFA0020F7E79A4201D29B
:10B90000994206D2011D054B1868FEF732FA002055
:10B91000ECE70120EAE700BF102101200C21012003
:10B9200030B583B0FEF7BEFA114B1B681BB1FEF7B2
:10B93000DBFA03B030BD0F4D2846FEF701FA0E4C7E
:10B940002046FEF7FDF90D4B1D600D4B1C600023DA
:10B9500000930C4B0C4A10210A20FEF719FE044BF1
:10B9600018600028E3D00949FFF7B6F8DFE700BF09
:10B9700030220120B4210120C82101200C21012006
:10B9800010210120E021012014210120C000010824
:10B9900010B588B0FFF7C4FF124B1B68CBB1002471
:10B9A0000594069407AA06A905A8FEF7BDF9059B0C
:10B9B0000293069B0193022300932346079A0A49A8
:10B9C0000A48FFF7AFFA0A4B186010B1012008B01F
:10B9D00010BD4FF0500383F31188BFF36F8FBFF397
:10B9E0004F8FFEE730220120C8000108F5BC000897
:10B9F00034220120B8B19C4603461848006858B369
:10BA000000B585B000910192029305291CDCFFF777
:10BA1000F3FE022810D000231A4669460F4800683A
:10BA2000FEF724FE15E04FF0500383F31188BFF3B7
:10BA30006F8FBFF34F8FFEE70023069A69460748D2
:10BA40000068FEF713FE04E0002362466946FEF735
:10BA5000EFFE05B05DF804FB0020704730220120A6
:10BA600070B582B01B4B1B681A6862B3DB681E6836
:10BA7000DC68251D2846FEF795F9236A204698477D
:10BA800094F8283013F0040FECD0A36933449E429D
:10BA900007D26360246129460E4B1868FEF769F9E6
:10BAA000E0E7002100910B4632462046FFF7A2FF57
:10BAB0000028D7D14FF0500383F31188BFF36F8F65
:10BAC000BFF34F8FFEE7044A106802490860136015
:10BAD00002B070BD0C2101201021012038B50546AF
:10BAE000FFF7ACFB0446074B1B68834205D80023D5
:10BAF0002B60044B1C60204638BDFFF7B1FF0123CB
:10BB00002B60F6E7DC21012070B582B006460D46B9
:10BB100017490968C968CC68201DFEF743F994F8F5
:10BB200028C01CF0040F08D12CF0010C84F828C0A8
:10BB3000236A2046984702B070BDA16933462A4661
:10BB400031442046FFF7C8FE0028F1D000210091C3
:10BB50000B4632462046FFF74DFF0028E8D14FF054
:10BB6000500383F31188BFF36F8FBFF34F8FFEE74E
:10BB70000C21012070B582B006460C46FFF756FB3B
:10BB800001A8FFF7ABFF019B33BB05460CB9B042E0
:10BB900019D224B1124A12681268DAB90124224675
:10BBA000711B104B1868FEF7E6FFFFF7E5FBA8B91D
:10BBB0004FF0E0234FF08052C3F8042DBFF34F8FB6
:10BBC000BFF36F8F0AE0FFF7D7FB29463046FFF738
:10BBD0009BFF03E01C46E2E7FFF7CEFB02B070BD1F
:10BBE000102101203022012010B588B002E0049B12
:10BBF000002B0FDA002204A93D4B1868FEF78FFED8
:10BC0000002873D0049B002BF1DA07990698059B56
:10BC10009847ECE7069C636913B1201DFEF7C2F854
:10BC200003A8FFF75BFF049B092BE3D8DFE803F0D1
:10BC30000505053037500505303794F8283043F0B6
:10BC4000010384F82830059BA16902461944204667
:10BC5000FFF742FE0028CDD0236A2046984794F88B
:10BC6000283013F0040FC5D0A269002100910B46C3
:10BC7000059802442046FFF7BDFE0028BAD14FF0D8
:10BC8000500383F31188BFF36F8FBFF34F8FFEE72D
:10BC900094F8283023F0010384F82830AAE794F8B8
:10BCA000283043F0010384F828300599A16131B1AF
:10BCB0000346024601442046FFF70EFE9AE74FF086
:10BCC000500383F31188BFF36F8FBFF34F8FFEE7ED
:10BCD00094F8283013F0020F04D023F0010384F805
:10BCE000283087E72046FEF71BFB83E708B010BD2E
:10BCF0003022012000B583B001A8FFF7DDFD0199D6
:10BD0000FFF738FFFFF770FFF6E7000008B50348BC
:10BD100000F0ACFD024800F0A9FD08BDD00001080C
:10BD20000401010808B5064B1868064B064A01468F
:10BD300000F042FA4FF0805000F074FA08BD00BFE6
:10BD4000600700200DBD0008980101080369C26862
:10BD5000934204D88068801A0344581E70479B1A87
:10BD6000581E70472DE9F843044688461646C568B4
:10BD70008768A7EB0509914509D94068284403F075
:10BD80009DFCBFF35F8F3544E560BDE8F8834068F4
:10BD90004A46284403F092FCED1B35442A4608EB42
:10BDA0000901606803F08AFCBFF35F8FE560ECE790
:10BDB0002DE9F843064688461746C5684FF0000946
:10BDC0001AE0641B621EB3685C1B944228BF1446D1
:10BDD000BC4228BF3C46706822464146284403F0D6
:10BDE0006DFCA144A0443F1B2544B368AB420BD07B
:10BDF000BFF35F8FF5604FB13469A542E1D3B268FC
:10BE0000641B1444621EDEE70025F1E74846BDE8E6
:10BE1000F883000010B5154CA8220021204603F03D
:10BE20005BFC032323616361114AA261114BE3614F
:10BE30004FF4806323620023A3626362E36222669D
:10BE40000D4A62661022A2662367E3666367BFF34A
:10BE50005F8F06E0C3F10F020849895C034AD154A1
:10BE600001330F2BF6D9BFF35F8F10BD38220120AD
:10BE700014010108F0220120E02201202001010824
:10BE80002DE9F047044688469146244B1B78C3B100
:10BE900004EB4403214A02EBC3031F6FDD6EAF4284
:10BEA00012D80026ED1B4D4528BF4D463DBB2EB197
:10BEB00004EB4404194800EBC40427673046BDE88E
:10BEC000F087FFF7A7FFE3E704EB440A02EBCA0A97
:10BED000DAF86860F61B4E4528BF4E46DAF8641063
:10BEE00032463944404603F0E9FBB044A9EB060969
:10BEF0003744DAF86830BB42D4D10027D2E704EBEC
:10BF00004403064A02EBC303596E2A4639444046AD
:10BF100003F0D4FB2E442F44C9E700BF3822012090
:10BF2000F8B50F461646184B451C05EB450503EBC7
:10BF3000C50500EB400003EBC000C46A012C11D022
:10BF4000022C1CD014B100242046F8BD2846FFF76F
:10BF5000FDFE8642F8D8324639462846FFF702FFF2
:10BF60003446F1E72846FFF7F1FE3446864228BF03
:10BF70000446224639462846FFF7F4FEE4E7284601
:10BF8000FFF716FF0446DFE738220120F8B5044624
:10BF90000D461646094B1B786BB1EFF311874FF036
:10BFA000200181F31188324629462046FFF7B8FF69
:10BFB00087F31188F8BDFFF72DFFEEE73822012047
:10BFC00038B505460C460846F4F756F902462146B0
:10BFD0002846FFF7DBFF38BDF8B507460E46154685
:10BFE0001C461F4B1B78002B34D0EFF311824FF00F
:10BFF000200181F31188002000F1010C0CEB4C0CA6
:10C00000174B03EBCC0CDCF8043023B10130144B9C
:10C010001B698342F0DC124B1B6983421DDD104B10
:10C02000411C01EB410C4FEACC0C43F80C7001EBC6
:10C03000410103EBC1014E6000EB400103EBC10382
:10C040001D62002199625962DC62BFF35F8F82F347
:10C050001188F8BDFFF7DEFEC7E74FF0FF30F6E7C7
:10C06000382201202DE9F04104460F461646984635
:10C070001548007810B3022C23D8EFF311834FF04A
:10C08000200181F311885CB104EB44000E4D05EBF7
:10C09000C00007664666C0F8688000220267C26674
:10C0A00004EB4404084800EBC404069A6267BFF33B
:10C0B0005F8F83F311880020BDE8F081FFF7AAFEAF
:10C0C000D9E74FF0FF30F7E73822012008B5FFF736
:10C0D000A1FE08BD84460B4629B310B4002100E040
:10C0E00001315C5C002CFBD1914200D80A46FE2A4B
:10C0F00004D8604600F8012B00210FE0FF218CF8E6
:10C1000000108CF80120110A0CF103008CF80210C9
:10C11000F2E713F801CB00F801CB01319142F8D3DB
:10C120005DF8044B7047002200F8012B002104E069
:10C1300013F801CB00F801CB01319142F8D37047DD
:10C140000430704710B584B001238DF80430184BCB
:10C150005B690DF1050204E063F07F0102F8011B49
:10C16000DB097F2BF8D802F8013B124B5C68104BBF
:10C17000DB68E31A04E063F07F0102F8011BDB09CE
:10C180007F2BF8D802F8013B01A9521A084B5878C6
:10C19000F4F71EF830B1064BDC601A78013A1A70D9
:10C1A00004B010BD024A536901335361F8E700BF80
:10C1B000FC260120001000E02DE9F04782B0074680
:10C1C0000E4690461D46DFF8589000234FF48062DB
:10C1D0000F494846FFF700FFC0B20E4C6070207652
:10C1E0004FF0000ACDF800A008230B4A4946FFF79C
:10C1F00039FFC4F810A0094B5B68E360C4F82080E5
:10C200006760A660656284F800A002B0BDE8F087B0
:10C2100024270120FC260120F0260120001000E048
:10C2200034010108014B1861704700BFFC26012052
:10C2300008B5034B1B6A13B15B6803B1984708BD8F
:10C24000FC260120014B1B69C01A7047FC26012007
:10C2500010B5064B1C6824B910BD98472469002C02
:10C26000FAD0E368002BF8D1F8E700BF082C0120D2
:10C2700010B5EFF311844FF0200181F311880B48C2
:10C28000FFF75EFF0A4B1B78014604E063F07F0274
:10C2900001F8012BDB097F2BF8D801F8013B1B22A9
:10C2A00000F0B2F884F3118810BD00BF242B0120E8
:10C2B000F826012038B5294D01232B70EFF31184A6
:10C2C0004FF0200181F311880A2225496878F3F79D
:10C2D0007FFF84F311880A2000F014F9EFF3118432
:10C2E0004FF0200181F311881E48FFF729FF6A688B
:10C2F000034604E062F07F0103F8011BD2097F2AA4
:10C30000F8D803F8012B154A926804E062F07F0127
:10C3100003F8011BD2097F2AF8D803F8012B0F4A32
:10C32000126904E062F07F0103F8011BD2097F2A41
:10C33000F8D8194601F8022B00225A70182200F092
:10C3400063F884F31188054B5B6A03B1984700F0EA
:10C3500037F9FFF76DFFFFF78BFF38BDFC26012093
:10C360003C010108242B012000B583B001220DF10E
:10C370000701244B187EFFF783FD002822DD9DF87E
:10C380000730072B0AD85AB28AB35A1E062A2ED86B
:10C39000DFE802F0161B1E2124272A007F2B11D074
:10C3A000802B24D101220DF10701164B187EFFF7D7
:10C3B00067FD002806DD9DF8070000F03DFB01E069
:10C3C000FFF778FF03B05DF804FB00F091F9F9E79F
:10C3D00000F0F6F8F6E7FFF72BFFF3E700F0A4F91B
:10C3E000F0E7FFF745FFEDE7FFF732FFEAE713F06D
:10C3F000800FE7D001220DF10701024B187EFFF7F5
:10C400003FFDDFE7FC26012070B506460C461546C9
:10C41000394B1B78012B03D0002B4CD0022B12D0B0
:10C420001F2D05D8344BDB69EB4013F0010F42D1CF
:10C43000172D0FD8711E06F8015C304B5D682E4B2E
:10C44000DB68EB1A2BE0FFF77DFE2B4B1B78012BF3
:10C4500031D1E5E7A31B7F2B12D9DA0906F8012CAD
:10C46000B01E63F07F0306F8023C7F2D0CD9EB0968
:10C4700000F8013C811E65F07F0500F8025CDCE7F6
:10C48000701E06F8013CF0E7411E00F8015CD4E79D
:10C49000224663F07F0002F8010BDB0914467F2B74
:10C4A000F6D804F8013B621A134B5878F3F790FE64
:10C4B000A0B1114BDD60104B1B7E114A03EB430111
:10C4C00002EBC101C96E03EB430302EBC3031B6F15
:10C4D000994202D0084B9B782BB170BD064A137865
:10C4E00001331370E7E7044C0123A370FFF73CFF0F
:10C4F0000023A370F1E700BFFC260120001000E03C
:10C500003822012038B50446EFF311854FF02001A1
:10C5100081F311880448FFF713FE01462246FFF716
:10C5200073FF85F3118838BD242B012070B50546B3
:10C530000C46EFF311864FF0200181F311880A4871
:10C54000FFF7FEFD014604E064F07F0301F8013BC4
:10C55000E4097F2CF8D801F8014B2A46FFF754FF75
:10C5600086F3118870BD00BF242B0120F8B5054665
:10C570000F461446EFF311864FF0200181F3118826
:10C580000E48FFF7DDFD014604E067F07F0301F888
:10C59000013BFF097F2FF8D801F8017B04E064F02C
:10C5A0007F0301F8013BE4097F2CF8D801F8014B27
:10C5B0002A46FFF729FF86F31188F8BD242B0120B6
:10C5C00008B5094B1B6A43B11B6833B198470A464B
:10C5D00001460D20FFF7CAFF08BD044B59680C2027
:10C5E000FFF7A4FFF8E700BFFC260120001000E0E1
:10C5F0002DE9F0410546884617461C46EFF31186A3
:10C600004FF0200181F311881548FFF799FD01468D
:10C6100005E068F07F0301F8013B4FEAD818B8F154
:10C620007F0FF6D801F8018B04E067F07F0301F873
:10C63000013BFF097F2FF8D801F8017B04E064F08B
:10C640007F0301F8013BE4097F2CF8D801F8014B86
:10C650002A46FFF7D9FE86F31188BDE8F08100BFB6
:10C66000242B01202DE9F8430546894690461F46B4
:10C67000089CEFF311864FF0200181F311881B48CD
:10C68000FFF75EFD014605E069F07F0301F8013B1D
:10C690004FEAD919B9F17F0FF6D801F8019B05E0EF
:10C6A00068F07F0301F8013B4FEAD818B8F17F0F1B
:10C6B000F6D801F8018B04E067F07F0301F8013B35
:10C6C000FF097F2FF8D801F8017B04E064F07F03B5
:10C6D00001F8013BE4097F2CF8D801F8014B2A4608
:10C6E000FFF792FE86F31188BDE8F883242B012022
:10C6F00010B5EFF311844FF0200181F31188084841
:10C70000FFF71EFD074B1B7813B984F3118810BD8A
:10C710000B220146FFF778FE024B00221A70F4E765
:10C72000242B0120FC26012010B5EFF311844FF0DB
:10C73000200181F311881A48FFF702FD194B5A684E
:10C74000034604E062F07F0103F8011BD2097F2A4F
:10C75000F8D803F8012B134A926804E062F07F01D5
:10C7600003F8011BD2097F2AF8D803F8012B0D4AE0
:10C77000126904E062F07F0103F8011BD2097F2AED
:10C78000F8D8194601F8022B00225A701822FFF738
:10C790003BFE84F31188034B5B6A03B1984710BDDD
:10C7A000242B0120FC26012070B50646EFF31185ED
:10C7B0004FF0200181F311882A48FFF7C1FC04469D
:10C7C0003368294A12699B1A04E063F07F0200F87B
:10C7D000012BDB097F2BF8D800F8013BB36804E09C
:10C7E00063F07F0200F8012BDB097F2BF8D800F8FB
:10C7F000013B20227168FFF76DFC014609222046AB
:10C80000FFF702FE3268184B1B69D21A234604E078
:10C8100062F07F0103F8011BD2097F2AF8D803F8E0
:10C82000012BF26804E062F07F0103F8011BD209DA
:10C830007F2AF8D803F8012B326904E062F07F0107
:10C8400003F8011BD2097F2AF8D8194601F8022BF8
:10C8500000225A7015222046FFF7D6FD85F3118875
:10C8600070BD00BF242B0120FC26012070B50546B9
:10C87000EFF311864FF0200181F311880748FFF78D
:10C880005FFC044680222946FFF724FC01460E2265
:10C890002046FFF7B9FD86F3118870BD242B0120D7
:10C8A00010B5EFF311844FF0200181F311880D488A
:10C8B000FFF746FC4FF0E023D3F8043DC3F3080331
:10C8C000014604E063F07F0201F8012BDB097F2BB6
:10C8D000F8D801F8013B0222FFF796FD84F3118896
:10C8E00010BD00BF242B012010B5EFF311844FF0D1
:10C8F000200181F311880548FFF722FC014603223D
:10C90000FFF782FD84F3118810BD00BF242B0120A6
:10C9100010B5EFF311844FF0200181F31188054821
:10C92000FFF70EFC01461222FFF76EFD84F311881B
:10C9300010BD00BF242B012010B5EFF311844FF080
:10C94000200181F311880548FFF7FAFB0146112207
:10C95000FFF75AFD84F3118810BD00BF242B01207E
:10C9600038B50446EFF311854FF0200181F31188AB
:10C970000B48FFF7E5FB0B4B1B69E31A014604E08C
:10C9800063F07F0201F8012BDB097F2BF8D801F857
:10C99000013B0822FFF738FD85F3118838BD00BF41
:10C9A000242B0120FC26012038B50446EFF3118525
:10C9B0004FF0200181F311880B48FFF7C1FB0B4BAF
:10C9C0001B69E31A014604E063F07F0201F8012BC2
:10C9D000DB097F2BF8D801F8013B0422FFF714FD97
:10C9E00085F3118838BD00BF242B0120FC260120CF
:10C9F00038B50446EFF311854FF0200181F311881B
:10CA00000B48FFF79DFB0B4B1B69E31A014604E043
:10CA100063F07F0201F8012BDB097F2BF8D801F8C6
:10CA2000013B0622FFF7F0FC85F3118838BD00BFFB
:10CA3000242B0120FC260120F8B51B4B1C6894B365
:10CA400000230746984203D924690CB10133F8E763
:10CA50004CB3EFF311864FF0200181F31188134896
:10CA6000FFF76EFB054604E067F07F0300F8013B2B
:10CA7000FF097F2FF8D800F8017BA36804E063F07A
:10CA80007F0200F8012BDB097F2BF8D800F8013B6F
:10CA900080222168FFF71EFB014616222846FFF779
:10CAA000B3FC86F31188F8BD082C0120242B01204B
:10CAB00070B50546EFF311864FF0200181F3118820
:10CAC0000A48FFF73DFB044680222946FFF702FB98
:10CAD0000146012301F8023B002343701A2220463D
:10CAE000FFF792FC86F3118870BD00BF242B012054
:10CAF00008B5FEF7A9FBC30E4101091A63F1000353
:10CB00009B0043EA91738900091843F10003DB009D
:10CB1000C80043EA517108BD70B4254B1C6884B14C
:10CB200000239C4208D903EB8302224951F82220BA
:10CB3000824201D00133F4E7651E9D4203D09C423E
:10CB400010D870BC70471B4803EB830300EB8301D4
:10CB5000002240F823204A608A60CA600A61144BB0
:10CB60001D60EEE7134C05EB85024FEA820C04EBE7
:10CB7000820203EB830004EB800154F80C6044F85C
:10CB800020605068486090688860D068C86011690B
:10CB900003EB830304EB83031961002344F80C3097
:10CBA00053609360D3601361014B1D60C9E700BF00
:10CBB0000C2C0120102C012010B586B0002401940B
:10CBC00002940394049405940190029103920493B7
:10CBD000089B059301A8FFF7E7FD06B010BD000014
:10CBE000F0B583B005460C4616461F46052213498C
:10CBF000204602F053FDD0B1114B1A68072A18D80D
:10CC0000104B02EB820003EB800143F820504C6094
:10CC10008E60CF60089B0B610132094B1A60089B44
:10CC200000933B46324621462846FFF7C5FF03B036
:10CC3000F0BD0548FFF73CFFF9E700BFB800010869
:10CC40000C2C0120102C012048010108F0B583B004
:10CC5000002511E00B4E05EB8504A70006EB8404CC
:10CC6000F059FEF7BDFD20610090E368A26861689D
:10CC7000F059FFF7A1FF0135034B1B68AB42E9D820
:10CC800003B0F0BD102C01200C2C012030B585B074
:10CC900004460368DD684FF0FF3201A95868A847D1
:10CCA000012802D0002005B030BD63692269E16827
:10CCB000DDF80A009847A068036998470120F2E769
:10CCC0000120704700287CD0844603780D2B7AD150
:10CCD00043780A2B79D1837E0A2B78D1C37E0D2B22
:10CCE0006CD0002070470CEB030090F802E039484C
:10CCF00000F803E00133172BF5DD91ED035A81EDC8
:10CD0000065AD1ED045AC1ED075A91ED006A81ED42
:10CD1000086A304BD3ED007AC1ED007A586848605C
:10CD200098688860D3ED036AC1ED036A93ED047AD5
:10CD300081ED047A5B694B6176EEC56AC1ED096AE3
:10CD400037EE657A81ED0A7A77EEC67AC1ED0B7A15
:10CD500091ED0C6A76EE666AC1ED0C6A91ED0D6A92
:10CD600036EE477A81ED0D7A91ED0E7A77EE677A9D
:10CD7000C1ED0E7AC2ED006A4B6B53608B6B936012
:10CD8000D1ED057A9FED147A67EE877ADFED136AAD
:10CD900087EEA67A82ED037A0023CCF80030CCF837
:10CDA0000430CCF80830CCF80C30CCF81030CCF88B
:10CDB0001430CCF8183001205DF804FB00B50023D6
:10CDC00099E700207047002070470020704700203E
:10CDD000704700BFB02C0120DB0F494000003443F6
:10CDE00020B370B50D4606461020FDF71BFA044629
:10CDF00090B1ECB1002222606260A260E2600A2180
:10CE00002846FDF70FFC60B160600A4BE3600A4BF7
:10CE1000A3603460012070BD76210848F7F7BCF8A4
:10CE2000E7E72046FDF77CFA0020F4E70020704792
:10CE30000020F0E71FA90008E1DF0008A0010108B9
:10CE4000002836D010B50446406843699847034629
:10CE500000282CD0A06883699847034638B3E0685F
:10CE600018B1FDF75DFA0023E360206918B1FDF702
:10CE700057FA00232361236883B10022DA60236814
:10CE80009A602368586820B1FDF758FE2368002295
:10CE90005A602068FDF744FA002323600023E36111
:10CEA0006361A36123622046FDF73AFA0123184625
:10CEB00010BD002318467047F8B50746002856D025
:10CEC0000C461546002954D02420FDF7ABF9064640
:10CED000002837D06368002B4DD0E368002B4CD07E
:10CEE0002369002B4BD06369002B4AD02368002BA9
:10CEF00049D0E0618460BC6834B347602946FFF7DD
:10CF00006FFF012824D13C20FDF78CF90446F06026
:10CF100018B33C22002102F0DFFB1020FDF782F95C
:10CF200004463061F0B10023036043608360C36056
:10CF3000164B7361164BB361164BF361164B33629C
:10CF400073681E613046F8BDFDF7EAF92646F9E739
:10CF50003046FDF7E5F90026F4E73046FDF7E0F945
:10CF60002646EFE73046FDF7DBF92646EAE70646B8
:10CF7000E8E70E46E6E71E46E4E70026E2E700267D
:10CF8000E0E70026DEE71E46DCE700BFC5CC000870
:10CF9000C1CC00088DCC000841CE0008C8B103699F
:10CFA0001A685268BAB15A68BAB110B584B09268BA
:10CFB000CDF80A20ADF8081059680968019172B1DE
:10CFC0001B689C68002201A95868A047012004B092
:10CFD00010BD0020704700207047002070470020DF
:10CFE000F5E780ED010AD0ED007A37EEC07AB0EEB9
:10CFF000C77AF6EE006AB4EEE67AF1EE10FA02D5E0
:10D0000080ED000A7047F4EEC07AF1EE10FA06D512
:10D01000B6EE007A77EE877AC0ED007A7047B6EE0A
:10D02000007A77EEC77AC0ED007A70472D4B1A6808
:10D0300092F83E302BB313F0020F0FD0D188A1F23B
:10D04000B73080B262281DD9A1F2AB5080B26228FD
:10D0500020D9A1F29F7189B2622923D913F0040F5C
:10D060000FD01189A1F2B73080B2622822D9A1F283
:10D07000AB5080B2622825D9A1F29F7189B2622992
:10D0800028D97047002182F8501023F0020382F85B
:10D090003E307047012182F8501023F0020382F8DD
:10D0A0003E307047022182F8501023F0020382F8CC
:10D0B0003E307047002182F8511023F0040382F8BB
:10D0C0003E307047012182F8511023F0040382F8AA
:10D0D0003E307047022182F8511023F0040382F899
:10D0E0003E30CEE7C82C012010B54C4C23689A691D
:10D0F0005A61F6F7B7FB236898615A69801A80B2C3
:10D10000988693F83020012A22D040F633029042CC
:10D1100007D9012283F83020002283F8312083F8D8
:10D1200032209988DA8E8A1A02F2F31240F2E6303F
:10D13000824242D993F83E2042F0010283F83E2019
:10D14000D986DA881A871A895A875A899A8710BD28
:10D1500040F63302904208D9012283F830200021A2
:10D1600083F8311083F83220DBE7A0F2B63292B2B6
:10D1700040F24C418A421CD893F83120511CC9B26C
:10D1800083F831100C3203EB420290800729C8D992
:10D190009A8B9A81DA8BDA815A8C1A821A8C5A828B
:10D1A0009A8C9A80DA8CDA801A8D1A815A8D5A817B
:10D1B000B7E7002283F83020B3E7DA88188F121A15
:10D1C00002F2F31240F2E630824206D993F83E2092
:10D1D00042F0020283F83E20B2E71A89588F121AF1
:10D1E00002F2F31240F2E630824206D993F83E2072
:10D1F00042F0040283F83E20A2E75A89988F121A5F
:10D2000002F2F31240F2E630824299D993F83E20BE
:10D2100042F0080283F83E2092E700BFC82C0120AC
:10D2200000283FD070B50C4605465420FCF7FAFFA5
:10D230001E4B1860002837D05422002102F04CFA0F
:10D240001A4E336883F83F401D60194B6B6103230E
:10D25000AB7134684FF47A73A380E38023816381D8
:10D2600040F2DC53A381E381238263820025656160
:10D27000A56184F8305084F8315084F83250A58686
:10D28000E56125626562A562E5620A4801F080F900
:10D290002064336800225A649A64DA6483F8505038
:10D2A000012070BD002070470020FAE7C82C012043
:10D2B000E9D00008EC01010800B583B0084B1B68F9
:10D2C00003F1440200920E220192186C836802AAB4
:10D2D00012E906009847012003B05DF804FB00BF87
:10D2E000C82C012070B52DED028BFFF79FFE4E4B31
:10D2F0001B689A89A2F2795292B2C62A02D840F2E9
:10D30000DC529A81DA89A2F2795292B2C62A02D804
:10D3100040F2DC52DA811A8AA2F2795292B2C62A1B
:10D3200002D840F2DC521A825A8AA2F2795292B2A0
:10D33000C62A02D840F2DC525A8293F83F2022B12A
:10D34000012A31D0BDEC028B70BDDA89A2F2DC5229
:10D3500007EE902AF8EEE77A9FED346A87EE867A38
:10D36000DFED336A67EE267AC3ED117A9A89C2F54A
:10D37000BB62043207EE902AF8EEE77A87EE867AEF
:10D3800067EE267AC3ED127A1A8AA2F2DC5207EE11
:10D39000902AF8EEE77A87EE867A67EE267AC3ED72
:10D3A000137AFFF789FFCDE7DA89A2F2DC5207EEA4
:10D3B000902AF8EEE77ADFED1D6A87EEA60A9FED68
:10D3C0001C7A9A89A2F2DC5207EE902AF8EEE77AEC
:10D3D000C7EEA68A68EE878A1B8AA3F2DC5307EEA3
:10D3E000903AF8EEE77A87EEA68A28EE078A114E81
:10D3F00020EE070A3046FFF7F4FD0F4DB0EE680A45
:10D400002846FFF7EEFD0D4CB0EE480A2046FFF728
:10D41000E8FD054B1B6832685A642A689A642268E2
:10D42000DA64FFF749FF8DE7C82C01200000FA43BA
:10D43000CDCC2C40CC2C0120D42C0120DC2C012084
:10D44000D0F89C30FBB1826807EE902A5B6807EE4B
:10D45000103A37EE877AC36907EE903A036A06EE10
:10D46000903A77EEA67AF6EE006A67EEA67A67EE55
:10D47000277AD0F8983007EE103A67EE877A17EEE1
:10D48000903A83637047836807EE903AC36907EE6A
:10D49000103A036A06EE903A37EE267AF6EE006A04
:10D4A00027EE267A67EE877AD0F8983007EE103AA2
:10D4B00067EE877A17EE903A83637047C36907EE89
:10D4C000903A036B07EE103A27EE877AB5EEC07AF2
:10D4D000F1EE10FA2ADDF5EEC07AF1EE10FA20DD59
:10D4E000C36D07EE103AB4EEE77AF1EE10FA1DDAEA
:10D4F000836D06EE903A37EE266AB4EEE76AF1EEF7
:10D5000010FA11DB76EEE77A77EE277A87EEA67AC5
:10D51000836B07EE903A27EE277A17EE103A836373
:10D520007047F1EE677ADBE7002383637047000002
:10D53000036B06EE103A836B06EE903A76EE266A9F
:10D54000224BC3ED006AC36A07EE903A36EE277AA3
:10D55000436B07EE903A77EE277A1D4BC3ED007AC6
:10D56000F5EEC07AF1EE10FA2DDD836C07EE103A7D
:10D57000B4EEE77AF1EE10FA0BD5C36907EE903AF4
:10D5800026EE276AB5EEC06AF1EE10FA01DD00233F
:10D590008363C36C07EE903AF4EEE76AF1EE10FA9B
:10D5A00004DD0023836317EE903A0363F1EE677A9C
:10D5B000F4EEE76AF1EE10FA04D50023836317EE68
:10D5C000903A03637047F1EE677ACEE7E42C0120CE
:10D5D000E82C0120436B06EE103AD0F8983007EEA5
:10D5E000903A26EE276A436E07EE103A77EE877A76
:10D5F000C6EE276A436C06EE103A27EE067A87EEEF
:10D60000276A76EE866A16EE903A43637047C36BDC
:10D6100006EE103AD0F8983007EE903A26EE276AD8
:10D62000036E07EE103A77EE877AC6EE276A036C30
:10D6300006EE103A27EE067A87EE276A76EE866ABD
:10D6400016EE903AC3637047C36B826C07EE902A64
:10D6500007EE103AB4EEE77AF1EE10FA00DDC2639D
:10D66000C36BF1EE677A07EE103AB4EEE77AF1EEAB
:10D6700010FA02D517EE903AC3637047C36A826C02
:10D6800007EE902A07EE103AB4EEE77AF1EE10FAC0
:10D6900000DDC262C36AF1EE677A07EE103AB4EEBB
:10D6A000E77AF1EE10FA02D517EE903AC3627047AE
:10D6B000C36B826C07EE902A9FED287A67EE877A1B
:10D6C00007EE103AB4EEE77AF1EE10FA33D40368BD
:10D6D00007EE903AB0EEE77ADFED216AB4EEE67A33
:10D6E000F1EE10FA27D4036906EE903A77EEE67A67
:10D6F000F0EEE77AC7EE876ADFED1A7AF4EEE76AB2
:10D70000F1EE10FA18DDD0F8A230D0F8A6200133DF
:10D7100042F10002C0F8A230C0F8A620D0F8A21052
:10D72000D0F8A63040F2F512914273F1000302D313
:10D73000012380F8AA307047002280F8A22080F8E8
:10D74000A32080F8A42080F8A52080F8A62080F8E7
:10D75000A72080F8A82080F8A920DFE76F12833A7D
:10D7600017B7D1383333733F10B52DED028B044614
:10D77000D0F89C300BB3B0F86820022A70D8C26889
:10D7800007EE902A9B6807EE103A37EE877A4369D6
:10D7900007EE903A036906EE903A77EEE67A67EE86
:10D7A000277AD0F8982007EE102AC7EE877A17EE6E
:10D7B000903A4363BDEC028B10BDB0F86830022B89
:10D7C00022D8B0F8A03013F4807F32D0C368026949
:10D7D00007EE902A826907EE102A77EE877A42696F
:10D7E00007EE102A37EE077A77EEC77A07EE103A7F
:10D7F00067EE277AD0F8982007EE102AC7EE877ACE
:10D8000017EE903A4363D5E7C36808EE103A036910
:10D8100000EE903AD0F8983000EE103AF1EE600A3F
:10D820006A3000F04BFD28EE008A18EE103A636370
:10D83000C0E7C36807EE903A436907EE103A036900
:10D8400006EE903A37EE667A67EE877AD0F898203F
:10D8500007EE102AC7EE877A17EE903A4363A9E7DE
:10D86000C26808EE102A9B6807EE903A38EE278AC5
:10D87000036900EE903AD0F8983000EE103AF1EEDD
:10D88000600A6A3000F01AFD28EE008A18EE103A9D
:10D8900063638FE738B50446002505608563C5617D
:10D8A000B0F868106A3000F0DBFC84F8945084F81B
:10D8B000955084F8965084F89750C4F8985084F89E
:10D8C000A25084F8A35084F8A45084F8A55084F89A
:10D8D000A65084F8A75084F8A85084F8A95084F87A
:10D8E000AA50E56225636563E56338BD10B52DED8B
:10D8F000028B0446F0EE408AB0EE608AB0F8A030A9
:10D9000013F0800F40F0CD8004F19400F5F726FF6E
:10D9100010EE103AC4F8983018EE903A236118EEE1
:10D92000103A236038EE688A18EE103AE361D4F8B2
:10D93000AB300BB120469847E36900EE903AF5EE24
:10D94000C00AF1EE10FA40F3AF8007EE903A236D73
:10D9500007EE103AB4EEE77AF1EE10FA40F1638187
:10D96000D4F89C30002B00F0A280626807EE902A69
:10D970001A6807EE102A77EE877A60EEA77A17EE1C
:10D98000902AE262A26807EE902A5A6807EE102AEF
:10D9900077EE877A60EEA77AD4F8982000EE102A06
:10D9A00067EE807A17EE902AA263B4F86820022A04
:10D9B00000F20181E26807EE902A9B6807EE103AB8
:10D9C00077EE877A236A07EE103A70EEC70A67EEA1
:10D9D000A00AC0EE807A17EE903A6363D4F8AF30B5
:10D9E0000BB120469847B4F8A03013F0040F40F074
:10D9F000F480B4F8A03013F0200F40F0F280B4F8B7
:10DA0000A03013F0020F40F0F080B4F8A03013F013
:10DA1000400F40F0EE80B4F8A03013F0010F40F05A
:10DA2000EC80A36B07EE903A236B07EE103A77EE8B
:10DA3000877A17EE903A2363B4F8A03013F4807F0E
:10DA400000F0DF80E26A07EE102A37EE877A626B19
:10DA500007EE902A77EE277A226C07EE102A77EEEF
:10DA6000877A17EE902AE26313F0100F40F0D78008
:10DA70002046FFF7E9FD2046FFF700FE6369A3613A
:10DA800023696361636B6364236A6362E36923628E
:10DA9000A36BA362E36B236400EE103ABDEC028B30
:10DAA00010BDFFF705FE2FE7F1EE607A4FE7B4F8FF
:10DAB000A03013F4807342D0626807EE902A20EE03
:10DAC000A77A226A06EE902A67EEA67A77EE677A40
:10DAD00017EE902AE262A26807EE902A20EEA77A5B
:10DAE000D4F8982007EE902A67EE277AA26B07EE0B
:10DAF000102A77EE877A17EE902AA263B4F868208E
:10DB0000022A33D8002B42D0E268636A07EE903ACB
:10DB100070EEA70A236A07EE903A77EEA77A70EEC6
:10DB2000E70A07EE902A67EEA00AD4F8982007EEDD
:10DB3000902AC0EEA77A17EE903A63634EE76268C8
:10DB400007EE902A60EEA77A17EE902AE262A268AA
:10DB500007EE902A60EEA77AD4F8982007EE102AF4
:10DB600067EE877A17EE902AA263C7E7E36808EEAC
:10DB7000103AD4F8983000EE103A04F16A0000F040
:10DB80009DFB28EE008A18EE103A636326E7E368EF
:10DB9000226A07EE902A70EEE70A07EE903A67EEE7
:10DBA000A00AD4F8982007EE902AC0EEA77A17EEC4
:10DBB000903A636312E7E26808EE102A9B6807EE6A
:10DBC000903A38EE278A04F16A0000F077FB28EEDD
:10DBD000008A18EE103A636300E72046FFF730FC36
:10DBE00007E72046FFF76AFC09E72046FFF7BCFD80
:10DBF0000BE72046FFF7EEFC0DE72046FFF798FC09
:10DC00000FE7E26A07EE102A77EE877A626B07EE7B
:10DC1000102A77EE877A17EE902AE26324E72046EF
:10DC2000FFF7F5FC24E70023E36327E70023036005
:10DC30008363C361C36203634363C3630364436178
:10DC40008361036243628362436480F8943080F8A6
:10DC5000953080F8963080F897307047034630B1A1
:10DC6000012804D0022802D0032800D0FF23184640
:10DC7000704710F0806F01D000207047FF20704780
:10DC80000A784B781B0443EA02638A7843EA02234A
:10DC9000CA78134307EE903AF8EEE77AC0ED797A46
:10DCA0000A794B7943EA02231BB207EE103AB8EE29
:10DCB000C77A80ED807ADFED086A27EE267A80ED5C
:10DCC000807A90F8383207EE103AB8EE477AC7EE0D
:10DCD000876AC0ED796A70470AD7233C30B584461D
:10DCE0000D468E4600F110040FCCAEE80F0094E80C
:10DCF00007008EE80700DCF81C209CF80430B2F521
:10DD0000407F14BF194643F00101002945D0BCF9FA
:10DD10000C309CF9222202FB03F39CF8382202FB10
:10DD200003F307EE903AF8EEE77ACCED8C7AF5EE55
:10DD3000407AF1EE10FA1DD0FDEEE77A17EE903A38
:10DD40001B0E6B74DCED8C7AFDEEE77A17EE903AE1
:10DD50001B14AB74DCED8C7AFDEEE77A17EE903A8B
:10DD60001B12EB74DCED8C7AFDEEE77A17EE903A3D
:10DD70002B7530BD9CF837326B74BCF93632AB74FE
:10DD8000DCF834321B12EB74DCF834322B759CF85F
:10DD9000043043F40073EB60EBE7B2F5807F08BF1B
:10DDA00043F00103002BE4D0BCF90C3073B11B0E1F
:10DDB0006B74BCF90C301B14AB74BCF90C30C3F39E
:10DDC0000723EB74BCF90C302B75D2E79CF8373283
:10DDD0006B74BCF93632AB74DCF834321B12EB7462
:10DDE000DCF834322B759CF8043043F40073EB609C
:10DDF000BFE770477047704770470000024A0260F3
:10DE0000024A0260704700BF1402010870FB00085C
:10DE100010B50446044B0360044B03604FF40F71CC
:10DE200000F05AFF204610BD1402010870FB0008E4
:10DE3000BDEEC00A10EE103A8381037943F480737B
:10DE4000C36170470020704780ED730A704700235C
:10DE500080F8D3317047012380F8D3317047000038
:10DE600010B582B0044690F8D33153B3D0ED737A35
:10DE7000CDED017A90F8D231012B24D094F8D03135
:10DE800013F0040F04D094F8D13113F0040F1FD114
:10DE900094F8D03113F0020F04D094F8D13113F07C
:10DEA000060F20D123689B6B01A920469847A081CB
:10DEB00007EE900AF8EEE77A104BC3ED007A02B055
:10DEC00010BD8381FBE7F1EE677ACDED017AD5E7EE
:10DED000DDED010A94ED780A04F21710FFF706FD54
:10DEE0008DED010AD4E7DDED010A94ED7B0A04F122
:10DEF0006400FFF7FBFC8DED010AD3E7EC2C012059
:10DF000008B52DED028BF0EE407AB0EE600A03E02A
:10DF100031EEC17A77EE877AF4EEC17AF1EE10FA3B
:10DF2000F6D403E031EEC17A77EEC77AF4EEE17A07
:10DF3000F1EE10FAF6DC27EE807AB5EEC07AF1EE5B
:10DF400010FA15DB37EEC08AF0EE670AFFF7CEFC59
:10DF5000B5EEC08AF1EE10FA3DDDF6EE007AB4EED1
:10DF6000E78AF1EE10FA39D50120BDEC028B08BD2D
:10DF7000F5EEC07AF1EE10FA18DDF0EE676AB5EE54
:10DF8000C00AF1EE10FA14DDB0EE407A76EE876A40
:10DF900071EEC11AB6EE007A21EE877AF4EEC76A06
:10DFA000F1EE10FA08D837EEC08ACDE7F1EE676AD5
:10DFB000E5E7B1EE407AE9E7B5EEC00AF1EE10FA16
:10DFC00004DD70EE611A37EEE18ABDE771EEA71A43
:10DFD00031EEC08AB8E7B1EE488ABEE70020C4E758
:10DFE00008B50023FCF724FC08BD000018B1034A63
:10DFF0000260012070470020704700BFF807002032
:10E000000023837248B110B5044603681B68426858
:10E01000508898470120A07210BD002070474368C7
:10E020001B880381012070470089003818BF012038
:10E03000704788B138B50546006878B14368002458
:10E040005C6003681C60C460046144618461FCF727
:10E0500067F92C60012038BD002070470020FAE7E6
:10E0600058B310B582B0024601900024144B1B78BF
:10E07000A3421FDD134B53F82430934201D00134E7
:10E08000F4E701A8FFF7D5FF06E0631C0D4A52F83C
:10E09000231042F824101C46094B1B785A1EA2423A
:10E0A000F3DC0849002041F822001346044A1370AB
:10E0B000012000E0002002B010BD0020704700BF2A
:10E0C000F02E0120F02C012038B5054630B3154B59
:10E0D00093F90030002B23DB2020FCF7A3F8044643
:10E0E000A8B1FFF783FF012813D165600023A37255
:10E0F0000D4BE3600D4B23610D4B63610D4BA36131
:10E10000084A1378591C11700B4A42F823402046E4
:10E1100038BD204601F0BAFA0024F8E70446F6E7D5
:10E120000024F4E7F02E012001E000081FE00008C1
:10E1300029E0000861E00008F02C0120F8B506464F
:10E140000F46182001F09AFA044646600025057231
:10E1500045728572C572C76007FB06F001F08EFA42
:10E16000206025756575A575E57525746574A574BC
:10E17000E5742046F8BD83680133C268934200D934
:10E18000704710B5044603684069626802FB0030BE
:10E1900001F094FA63690133E268B3FBF2F102FB28
:10E1A00011336361A3680133A36010BD0346826825
:10E1B00072B1013A826000681A69596801FB020075
:10E1C0000132D968B2FBF1FC01FB1C221A617047D5
:10E1D0000020704770B50546102001F04FFA044644
:10E1E00088B105EB850001F049FA0646206060B170
:10E1F000E5600023052222726372A372E372237129
:10E200006371A371E371204670BD204601F03EFAB0
:10E210003446F8E738B504460D46436881688B42BA
:10E220000FD223686068E268294602FB003001F0E3
:10E2300045FA63685A1C62602268E06800FB0320AC
:10E2400038BD49008160C36803FB01F1006801F03B
:10E250002BFB2060E5E70368C06801FB00307047D6
:10E26000F8B50446018000258570C57005714571BB
:10E270008E00304601F002FA0746C4F80600304628
:10E2800001F0FCF9C4F80A000023C4F80E30C4F809
:10E29000123032462946384601F01EFA32462946E7
:10E2A000D4F80A0001F018FAC4F81A50C4F81E5045
:10E2B000C4F82250C4F82650F8BD000000B5D0F8CC
:10E2C000063093ED017A784B83ED007A002315E058
:10E2D000D0F80620591C02EB810CDCED007A02EB31
:10E2E000830277EEC77AC2ED007AD0F80A2002EBFB
:10E2F000830302EB810212681A608BB20288511EFE
:10E300008B42E5DBD0F8061002F18043023B01EBC3
:10E310008303D3ED007A6FF0404C624401EB82023C
:10E3200037EE800A82ED000AD0F80A300288624493
:10E3300003EB8203C3ED000AD0F80230B0F800C04E
:10E34000634502D20133C0F802300023C0F81A300E
:10E35000C0F81E30C0F82230C0F82630D0F80230A5
:10E360009BB2ACEB03039BB21A463FE0D0F8061019
:10E3700001EB8201D1ED007A67EEA77AD0F81AE0BE
:10E3800007EE10EA77EE877A17EE90EAC0F81AE007
:10E39000D1ED007AD0F81EE007EE10EA77EE877A2A
:10E3A00017EE90EAC0F81EE0D1ED007AD0F80A101E
:10E3B00001EB820191ED007A67EE877AD0F822E0D6
:10E3C00007EE10EA77EE877A17EE90EAC0F822E0BF
:10E3D000D1ED007AD0F8261007EE101A77EE877A82
:10E3E00017EE901AC0F82610013292B29445BDD8AB
:10E3F000D0F8222007EE102A07EE90CAF8EEE75A6E
:10E4000067EE256AD0F81E2006EE102AD0F82620E6
:10E4100007EE102A26EE077A36EEC77AD0F81A20D1
:10E4200007EE902A65EEA77A26EE066A77EEC67AA0
:10E4300087EE270A10EE102AC0F80E200022C0F83E
:10E44000162023E0D0F8062002EB8302D2ED007AFA
:10E4500020EE277AD0F8122007EE902A77EE277A5E
:10E46000D0F80A2002EB830292ED007A77EEC77AA9
:10E47000F0EEE77AD0F8162007EE102A77EE877ACA
:10E4800017EE902AC0F8162001339BB29C45D9D8CC
:10E49000D0F8162007EE902AC7EEA57A17EE903A2C
:10E4A000C0F816305DF804FBF42E012010B50446C8
:10E4B0000023037043708370C3704FF0FF33037108
:10E4C00043718371C371486883680BB9204610BDDE
:10E4D000FFF76CFE0268436822606360F6E770B580
:10E4E00082B0064602AB03E90600002404E0694658
:10E4F0006868FFF740FE0134736858684368A342B8
:10E500000BD92146FFF7A7FE056868688268C368D3
:10E510009A42ECD1FFF74AFEE9E702B070BD000075
:10E5200070B582B00646002400E00134124B186832
:10E530004368A3420AD92146FFF78DFE056831469C
:10E54000A868F1F78FFE0028EFD112E00C2001F04F
:10E5500095F804460190002303600420FFF73AFE7B
:10E560006060019B9E6001A9034B1868FFF752FE93
:10E57000019D284602B070BDF82E012008B5042088
:10E58000FFF728FE014B186008BD00BFF82E0120E0
:10E5900038B50546FFF7C4FF0446006800B138BD32
:10E5A0000C2001F06BF805604460024B8360206032
:10E5B000F5E700BFDFE40008F0B583B005460F467D
:10E5C000FFF7AEFF06460C2001F058F80446019014
:10E5D00039460820FFF7B2FD606001A97068FFF7B7
:10E5E00019FE019B1D600198014B836003B0F0BDD3
:10E5F000ADE4000808B500220F491048FAF7E1FC25
:10E6000070B90F490D48FAF7F3FC60B90D490B4892
:10E61000FAF796FC50B90948FAF704FD48B908BD65
:10E62000F5F741FCEDE7F5F73EFCEFE7F5F73BFCCE
:10E63000F1E7F5F738FCF2E710080020FC2E012086
:10E640006C070020FC070020002070470020704766
:10E650000020704710B50146044C2046FAF789FCAB
:10E660002046FAF792FC002010BD00BFFC2E0120CE
:10E6700010B5064C002206492046FAF76CFC054905
:10E680002046FAF776FC002010BD00BFFC2E0120CA
:10E69000D8390120D831012012230B80004870475F
:10E6A0002C08002004230B800048704740080020FD
:10E6B000002393421ED200B510E00CF1370C01F894
:10E6C00013C000014FEA430C0CF1010C4FF0000E97
:10E6D00001F80CE00133DBB2934209D24FEA107C1F
:10E6E000B0F1204FE9D20CF1300C01F813C0E8E78B
:10E6F0005DF804FB7047000038B50B4BD3F8100AE7
:10E70000D3F8144AD3F8183AC01800D138BD074DD1
:10E710000822A91CFFF7CCFF042205F112012046B4
:10E72000FFF7C6FFF2E700BF0070FF1F440800209C
:10E7300008B51A230B80FFF7DFFF014808BD00BFB3
:10E740004408002008B50A4628B905490548FBF7E2
:10E75000BAF9034808BD02490248FBF7B4F9F8E7E3
:10E76000D8410120A802010810B50A46034C2146F1
:10E770000348FBF7A8F9204610BD00BFD84101208F
:10E78000C002010808B50A4628B905490548FBF743
:10E790009AF9034808BD02490248FBF794F9F8E7E3
:10E7A000D8410120D402010808B50A4628B9054914
:10E7B0000548FBF788F9034808BD02490248FBF702
:10E7C00082F9F8E7D8410120E002010830B589B0AC
:10E7D0000023039304930593069307930368B3F10F
:10E7E000A04F01D009B030BD00250195164C236B18
:10E7F00043F001032363236B03F001030193019BA7
:10E800004FF4C053039302230493032306930A2374
:10E81000079303A90D48F7F73DF8636B43F08003B6
:10E8200063630295636C43F480436364636C03F435
:10E8300080430293029B2A4605214320F6F76CFC95
:10E840004320F6F7AFFCCDE700380240000002405D
:10E8500008B500F29C41D0F8E004FAF7F9FB08BDD6
:10E8600008B501EBC10300EB8303D3F86022D0F8B5
:10E87000E004FAF7BFFC08BD08B501EBC10300EBEB
:10E8800083031A6AD0F8E004FAF717FD08BD08B54B
:10E89000D0F8E004FAF759FC08BD10B50446C17978
:10E8A00011B1022909D10121D4F8E004FAF72EFCB4
:10E8B000D4F8E004FAF7F8FB10BDF5F7F4FA0121FB
:10E8C000F2E7000010B50446D0F8E004FAF721FCA6
:10E8D0002268D2F8003E43F00103C2F8003EE37A1A
:10E8E00023B1034A136943F00603136110BD00BF4F
:10E8F00000ED00E008B5D0F8E004FAF719FC08BD17
:10E9000008B5D0F8E004FAF748FC08BD08B5D0F81F
:10E91000E004FAF72BFC08BD08B5D0F8E004FAF7DC
:10E9200053FC08BD08B5D0F8E004FAF74FFC08BD69
:10E9300002780AB10020704710B503461548C0F8A8
:10E94000E034C3F8C8024FF0A0430360042303710E
:10E950000222C2710023837142728372C3720373F5
:10E960008373C373F7F7CAF980B90A4C8021204634
:10E97000F7F7A1FF402200212046F7F776FF80221B
:10E9800001212046F7F771FF002010BDF5F78BFA43
:10E99000EBE700BFD8430120D0F8C83211F0800F58
:10E9A00008D101F07F0101EBC10103EB810191F876
:10E9B0005602704701F07F0101EBC10103EB8101B9
:10E9C000887D704708B5D0F8C802F7F7ABFB08BDE3
:10E9D00000487047BC4801207047032805D8DFE88D
:10E9E00000F005040205012070470320704708B5B8
:10E9F000D0F8C802F7F714FAFFF7EFFF08BD08B523
:10EA000094461A466346D0F8C802F7F7E8FAFFF7CB
:10EA1000E4FF08BD08B5D0F8C802F7F726FBFFF7FA
:10EA2000DCFF08BD08B5D0F8C802F7F7A9FBFFF76F
:10EA3000D4FF08BD08B5D0F8C802F7F7E4FBFFF72C
:10EA4000CCFF08BD08B5D0F8C802F7F7B5FAFFF754
:10EA5000C4FF08BD08B5D0F8C802F7F76CFBFFF794
:10EA6000BCFF08BD08B5D0F8C802F7F736FBFFF7C2
:10EA7000B4FF08BDDFF834D0F5F7C0FB0C480D49F2
:10EA80000D4A002302E0D458C4500433C4188C4209
:10EA9000F9D30A4A0A4C002301E013600432A2426F
:10EAA000FBD300F0C7FDF5F755FA704700000220D0
:10EAB00000000020CC080020600E0108D0080020D3
:10EAC000F84A0120FEE70000DFED1F7A20EE270A5A
:10EAD000B5EEC00AF1EE10FAFDEEC07A04D517EEDD
:10EAE000903A013B07EE903AF8EEE77A9FED177AFD
:10EAF00030EE670A20EE070AFCEEC07A17EE903A75
:10EB00009BB2B3F5007F1AD207EE903AF8EE677A1F
:10EB1000591C30EE670A0E4AF7EE007A02EB8303C7
:10EB200002EB810293ED007AD2ED006A77EEC07AB3
:10EB300020EE260A67EE877A37EE800A704730EEBD
:10EB4000470A01210023E6E783F9223E0000004442
:10EB5000F0020108DFED217A20EE270AF5EE007AB7
:10EB600030EE270AB5EEC00AF1EE10FAFDEEC07ADB
:10EB700004D517EE903A013B07EE903AF8EEE77AAB
:10EB80009FED177A30EE670A20EE070AFCEEC07A96
:10EB900017EE903A9BB2B3F5007F1AD207EE903A87
:10EBA000F8EE677A591C30EE670A0E4AF7EE007AE3
:10EBB00002EB830302EB810293ED007AD2ED006A4F
:10EBC00077EEC07A20EE260A67EE877A37EE800A63
:10EBD000704730EE470A01210023E6E783F9223E21
:10EBE00000000044F00201080B460146184600F000
:10EBF0000DBD7FB500241023CDE90234036815460E
:10EC00009E6912686B46CDE90044B0479DF8043018
:10EC100003F00603062B03BF009B2B600120204658
:10EC200004B070BD0098904214BF012006207047C8
:10EC300010B5034B0360044600F03FFC204610BDB6
:10EC40002C0B010810B50446FFF7F2FF20460821FF
:10EC500000F042F8204610BD2DE9F0411F46DDE9E5
:10EC60000834DDF8188098450646154607D10799FF
:10EC700000F026FC18B165710020BDE8F08139462E
:10EC8000304600F01DFC0028F6D00123C4F80080B7
:10EC90002571A371F0E738B515461C4600F010FC4D
:10ECA00020B10823E36006232560237138BD73B5C6
:10ECB00005460C4601921E4600F002FC50B9032E98
:10ECC00008D82368019A5B692946204602B0BDE84E
:10ECD0007040184702B070BD00F008BC1EB400F0D0
:10ECE0009CF81EBCF2F7E8FD0378472B17D1437858
:10ECF0004E2B14D18378552B11D1C378432B0ED1D1
:10ED00000379432B0BD143792B2B08D183792B2B00
:10ED100005D1C07901288CBF002001207047002058
:10ED2000704700002DE9F3411D460378472B0E463E
:10ED30000246C17913D143784E2B10D18378552BDD
:10ED40000DD1C378432B0AD10379462B07D14379E0
:10ED50004F2B04D18379522B01D1002931D0104699
:10ED6000FFF7C2FF80F00100C4B200230020019031
:10ED700053BB5CBB01290ABF52F8203CA2F120031F
:10ED8000783B012908BF52F8202C1C6818BF583264
:10ED90000192236820469B689847C8B1019B1B6875
:10EDA00001930227336801AAD3F81080214601237A
:10EDB0003046C04770B1019B2B60384602B0BDE8B9
:10EDC000F08101230C46D1E7034CE2E7034CE0E776
:10EDD0000127E7E70746F0E7500B0108580B010849
:10EDE00010B5044600F032F802462046A4F1200196
:10EDF000FFF77AFF60B154F8043C0133012B44F86B
:10EE0000043C03D1936844F8083C9160012010BD94
:10EE10009368002BF9D000F0A5FA10B500F016F8B1
:10EE2000826801460AB900F09DFA02F120042046EA
:10EE3000FFF75AFF40B1D369013BD36113B9906921
:10EE400088609361204610BD8860FBE700487047EA
:10EE5000DC4A012030B500231A4610F8015B05F0AA
:10EE60007F04944023432C0602F10702F5D40B6083
:10EE700030BD30B500231A4610F8014B04F07F0571
:10EE800095402B43250602F10702F5D41F2A06D828
:10EE9000640642BF4FF0FF3404FA02F213430B60E2
:10EEA00030BD50282DE9F3410646884615461F46D9
:10EEB00008D1033222F0030050F8044B3C6002B04A
:10EEC000BDE8F08100F00F030C2B2ED8DFE803F033
:10EED00025071D25292D2D2D2D182125290001A9B6
:10EEE0002846FFF7B7FF019C002CE7D006F070031F
:10EEF000102B08BFA8464444330648BF2468DDE70A
:10EF000001A92846FFF7B5FFEDE7284630F8024B88
:10EF1000EAE7284630F9024BE6E7284650F8044B6A
:10EF2000E2E7284650F8084BDEE700F067FB08B53B
:10EF30000346FF2B084610D003F07002302A12D08F
:10EF400007D8202A0BD002D813F0600F05D000F0AC
:10EF500055FB402A0BD0502AF9D1002008BDBDE84E
:10EF6000084000F045BDBDE8084000F03EBDBDE8EA
:10EF70000840F2F781BE13B50C4601462046CDE9A4
:10EF80000032FFF7D4FFDDE900320146204602B02F
:10EF9000BDE81040FFF785BF73B50C461546064621
:10EFA00028B3F2F769FE034620462B6010F8011BD8
:10EFB000FF291ED002462B1D3046FFF7DCFF10F85C
:10EFC000013B2B75FF2B16D010232B7501A9FFF7E2
:10EFD00041FF019B0344EB6010F8013B6B7501A9F5
:10EFE000FFF738FF019B03442B6102B070BD03465D
:10EFF000DAE76B60E3E70023EDE71FB503AB0093AF
:10F0000000230A461946F2F7A1F8039805B05DF807
:10F0100004FB00002DE9F04F91B00023059300F0B0
:10F020000303012B06460C4617460ED0022B03D0D5
:10F03000002B3BD101073BD539462046F2F706FEAF
:10F0400090B3092011B0BDE8F08F020706D40D6A15
:10F0500038460D21FFF7D1FF85422BD00220002337
:10F0600006F008060DF1280A0643CDF800A00C2290
:10F07000194638460A94F2F78FF8062E1CD1D4F8B8
:10F080003080D4E90A59B8F1000F0CBF4FF0010BE2
:10F090004FF0030B16F0080600F00781BBF1010FDB
:10F0A00040F0FF8000F05EF90820CBE700F0A6FA00
:10F0B0000120D4E70620D2E73846F2F7E3FD814687
:10F0C0000028B9D0524601463846FFF765FF394659
:10F0D00005469DF83C00FFF72AFF0F210C903846AB
:10F0E000FFF78BFF20F0010808F1FF380E9BAB42C1
:10F0F00040F2BF802A469DF83D1006AB0020FFF786
:10F100003AFF9DF83D10024607AB0020FFF733FFA2
:10F1100008AB02469DF83D100020FFF72CFF09A91F
:10F12000FFF798FE0A9B069A13444345054601D90A
:10F130000E9DDBE7079A13444345D7D9DDF82080BD
:10F14000B8F1000F01D00B9B9844099D15B10E98A2
:10F15000013D0544B8F1000F3FF46EAF002D00F003
:10F16000F28016F00803029334D0472323704E2315
:10F1700063705523A3704323E370462323714F2309
:10F1800063715223A3710023E3714FF0000B07A9B1
:10F190002846FFF76EFE08A90390FFF76AFE07995D
:10F1A000002963D03ADD9DF83C00FF2832D000F002
:10F1B0000703042B3FF67AAF01A252F823F000BFF9
:10F1C00019F20008ADF00008E7F1000819F2000894
:10F1D00011F20008E379012B0CBF54F8203C04F134
:10F1E00058030593D1E702250D9A09AB05FB1122BF
:10F1F0000C99FFF756FE099931B15CB305AB0022BB
:10F200002046FFF78FFD28B3079D4FF0030B34E036
:10F210000825E9E70025E7E70425E5E7C1F17F5187
:10F2200001F57F110D9B01F57F513F3103EB810506
:10F23000BCB1029AAAB9059B0993043D55F8041F75
:10F240000029E1D009AB002229442046FFF76AFDDE
:10F250000028F3D0089D002D71D0039B2B441D4640
:10F2600095E753F82130002BF4D1CDE74FF0010B97
:10F27000F0E70025A8464FF0010BF3077FF50AAF32
:10F28000BBF1020F3FF4D8AE0D213846059EFFF7C3
:10F29000B4FEC4E90A59C4E90806C4F8308006205F
:10F2A000D0E6002D22DA00F06FF8BBF1010F02D199
:10F2B000204600F03AF9002D18DA52464946384601
:10F2C000FFF76AFE9DF83C003946FFF730FE0D9AC5
:10F2D0000C90EB4302EB830353F826200AB101366E
:10F2E000FAE70422C4E90A60C4E90C23002309AE4A
:10F2F0001A461946009638460994F1F74DFF002347
:10F3000019460122009638460995F1F745FF0F216D
:10F310003846FFF772FE00F0010040EA08000023C3
:10F32000099000960F2219463846F1F735FFBBF1D8
:10F33000020F02D12046FFF753FD072082E6BBF102
:10F34000000F3FF479AE4FF0020B96E708B5804707
:10F3500000F054F9024B1868BFF35B8F704700BF91
:10F360006408002008B5FFF7F5FFFFF7EFFF08B5C9
:10F370008047FFF7F7FF0000024B1868BFF35B8F71
:10F38000704700BF6008002008B5FFF7F5FFFFF7E2
:10F39000EEFF0368DB0706D4437803B1FFDE0123E9
:10F3A0004370184670470020704700234370704731
:10F3B00001230360704708B5FFF7D4FF10B5034B76
:10F3C00003600446FFF734FC204610BDE00B010843
:10F3D00010B50446FFF7F2FF20460C21FFF77CFC36
:10F3E000204610BDF7B5089F974205460E461446C5
:10F3F0000AD0A86802680897156A31462246AC46CA
:10F4000003B0BDE8F04060471946019300F058F89A
:10F41000019B0028EDD0062003B0F0BD2DE9F14F8F
:10F420000D461946DDE90A4BDDE90CA68146174673
:10F43000984600F045F890B1002D3460377109DB33
:10F4400061198A450CBF06210121B171002001B06C
:10F45000BDE8F08F0235F9D10123B371F6E75445C9
:10F4600006D15946484600F02BF808B17771EDE710
:10F47000D9F808000368CDE90CA6CDE90A4BDC6990
:10F480003A4643462946A44601B0BDE8F04F6047DE
:10F490002DE9F04107460C4615461E46FFF7FBFBDB
:10F4A00048B9B86803689F692A4633462146BC4676
:10F4B000BDE8F0416047BDE8F0817047002070472B
:10F4C000814208B50ED0406803782A2B0CD04968D9
:10F4D0000B782A2B08BF0131F0F7C4FEB0FA80F098
:10F4E000400908BD0120FCE70020FAE700F0CEB893
:10F4F0000378472B17D143784E2B14D18378552BA3
:10F5000011D1C378432B0ED10379432B0BD143790F
:10F510002B2B08D183792B2B05D1C07901288CBFE7
:10F520000020012070470020704710B5044648B104
:10F5300000F03BF82046FFF7DBFF18B154F8140C3D
:10F54000FFF704FFFFF70EFF38B50246FFF7D0FFC5
:10F55000044640B152F8184C0025104600F025F83A
:10F560001DB1FFF711FF0125F7E72046FFF7FFFE6A
:10F570000378472B17D143784E2B14D18378552B22
:10F5800011D1C378432B0ED10379432B0BD143798F
:10F590002B2B08D183792B2B05D1C07901288CBF67
:10F5A0000020012070470020704738B50446FFF75F
:10F5B0004DFC056802462046A4F12001FFF7D8FF64
:10F5C00028B90DB1FFF7CEFE1160284638BD54F8BA
:10F5D0000C3C002BB4BFC3F10103013344F80C3CD5
:10F5E00053688D4203F1FF33536020461CBF44F83B
:10F5F000105C1160656AF1F7A1FDE6E708B5062029
:10F6000000F092F90120F4F7CFFD000010B5054C91
:10F6100013462CB10A4601460220AFF3008010BD0C
:10F620002046FCE700000000014B1868704700BF4F
:10F630006808002070B50D4D0D4C641BA410002609
:10F64000A64209D10B4D0C4C00F0D6F9641BA41056
:10F650000026A64205D170BD55F8043B98470136F7
:10F66000EEE755F8043B98470136F2E7500E0108E3
:10F67000500E0108500E01085C0E0108024B0146B5
:10F68000186800F09DB800BF68080020024B0146D2
:10F69000186800F029B800BF6808002010B50139CB
:10F6A0000244904201D1002005E0037811F8014F97
:10F6B000A34201D0181B10BD0130F2E70A44914269
:10F6C00000F1FF3300D1704710B511F8014B03F87A
:10F6D000014F9142F9D110BD02440346934200D13B
:10F6E000704703F8011BF9E737B5002944D051F8FA
:10F6F000043C0190002BA1F10404B8BFE41800F011
:10F700002FF91E4A0198136833B96360146003B07F
:10F71000BDE8304000F02AB9A34208D92568611934
:10F720008B4201BF19685B6849192160EDE71A46F1
:10F730005B680BB1A342FAD911685518A5420BD1E9
:10F74000246821445418A3421160E0D11C685B680E
:10F75000536021441160DAE702D90C230360D6E735
:10F76000256861198B4204BF19685B68636004BF38
:10F77000491921605460CAE703B030BDE84A01204E
:10F7800070B50E4E0C463168054611B900F094F87C
:10F7900030602146284600F08FF8431C0AD0C41C74
:10F7A00024F00304A04207D0211A284600F084F870
:10F7B000013001D14FF0FF34204670BDEC4A0120EA
:10F7C0002DE9F041CD1C25F0030508350C2D38BF7F
:10F7D0000C25002D074601DBA94205D90C233B600F
:10F7E00000263046BDE8F0812E4E00F0B9F83368AF
:10F7F0001C4634BB29463846FFF7C2FF431C04466B
:10F800004DD134682646002E40D123683146384613
:10F8100004EB030800F050F880453AD12168033525
:10F820006D1A25F0030508350C2D38BF0C25294627
:10F830003846FFF7A5FF01302BD023682B44236007
:10F840000EE02268521B1ED40B2A16D96119A3425E
:10F85000256018BF5960636808BF316062514B6012
:10F86000384604F10B0600F081F826F00706231D48
:10F87000F21AB6D09B1BA350B3E76268A3420CBF39
:10F8800032605A60ECE723466468B2E73446766833
:10F89000B9E70C233B60384600F068F8A1E7256023
:10F8A000DEE700BFE84A0120024B0A46014618681D
:10F8B00000F062B86808002038B5064D0023044601
:10F8C00008462B60F4F776FC431C02D12B6803B189
:10F8D000236038BDF04A01201F2938B504460D4683
:10F8E00004D9162303604FF0FF3038BD426C12B1CB
:10F8F00052F821304BB9204600F030F82A46014634
:10F900002046BDE8384000F017B8012B0AD0591C3A
:10F9100003D1162303600120E7E7002442F82540C5
:10F92000284698470020E0E7024B01461868FFF799
:10F93000D3BF00BF6808002038B5074D0023044638
:10F94000084611462B60F4F727FC431C02D12B68B4
:10F9500003B1236038BD00BFF04A0120F4F71ABCA0
:10F96000014800F038B800BFF44A0120014800F017
:10F9700033B800BFF44A01202DE9F0418046144617
:10F980000E4621B9BDE8F0411146FFF719BF2AB96B
:10F99000FFF7AAFE25462846BDE8F08100F01DF8D5
:10F9A0008442074602D8B4EB500F12D82146404695
:10F9B000FFF706FF05460028EDD0BC42224631463F
:10F9C00028BF3A46FFF77AFE31464046FFF78CFEE5
:10F9D000E1E73546DFE77047704751F8043C181FF0
:10F9E000002BBCBF0B58C018704708B5FFF706FEC8
:10F9F00008B5FFF7FAFF0000F8B500BFF8BC08BC77
:10FA00009E467047F8B500BFF8BC08BC9E467047DC
:10FA1000DB0F493FE4CB1640D1537B40DFEDAF40D5
:10FA20009814002001001C00681000209DCF0008E1
:10FA30008813282329330008374368617373697377
:10FA4000000000002C0B010838FA0008000000003C
:10FA500044FA0008C91C0008A12200089D1C0008E7
:10FA6000A11C0008BD1C0008BF1C0008C11C000828
:10FA7000C31C0008C51C0008C71C0008E00B0108D7
:10FA800088FA000844FA000831324F6D6E695F430E
:10FA90006861737369730000000000007CFA00085D
:10FAA000D51C000881220008E91C00080D1D000873
:10FAB000BD1C0008E1220008C11C0008C31C00088E
:10FAC000312200085D220008F91F00086368617395
:10FAD0007369735F696D755F7075620063686173E8
:10FAE0007369735F706F735F70756200433A2F556F
:10FAF000736572732F4C656E6F766F2F4465736BF1
:10FB0000746F702F6E65775F6275696C642F4765DF
:10FB10006E6572616C5F4672616D65776F726B2F97
:10FB20004170702F636861737369735F7461736B85
:10FB30002F436861737369732E680000354D6F74CD
:10FB40006F7200002C0B01083CFB000831304D6F38
:10FB5000746F725F4336323000000000E00B010822
:10FB60004CFB00084C0201080000000044FB0008A8
:10FB70000000000000000000B7F30008B7F3000821
:10FB8000B7F30008B7F30008B7F30008B7F30008AD
:10FB90007D2400087F2400088124000883240008B5
:10FBA0008524000887240008000000005CFB000892
:10FBB000ED2600082D2700088926000849DE0008E8
:10FBC0004FDE000857DE000861DE00083926000815
:10FBD000892400082F25000895250008CF25000856
:10FBE000E7250008F1250008BD260008696E735F4F
:10FBF0005461736B48616E646C65000043414E3123
:10FC00005F53656E645F5461736B48616E646C65CD
:10FC10000000000043414E325F53656E645F5461E3
:10FC2000736B48616E646C6500000000446562752A
:10FC3000675F5461736B48616E646C65000000001F
:10FC4000436861737369735F5461736B48616E6479
:10FC50006C650000436F6E74726F6C5F5461736B00
:10FC600048616E646C650000433A2F55736572738A
:10FC70002F4C656E6F766F2F4465736B746F702FAA
:10FC80006E65775F6275696C642F47656E6572613A
:10FC90006C5F4672616D65776F726B2F4170702F6C
:10FCA000726F626F745F696E732F726F626F745FD1
:10FCB000696E732E63000000433A2F5573657273AB
:10FCC0002F4C656E6F766F2F4465736B746F702F5A
:10FCD0006E65775F6275696C642F47656E657261EA
:10FCE0006C5F4672616D65776F726B2F4273702F18
:10FCF00063616E2F6273705F63616E2E630000003C
:10FD000064656661756C745461736B0000FD000876
:10FD100000000000000000000000000000000000E3
:10FD200000020000180000000000000000000000B9
:10FD300020201B5B324A0000000000000000000091
:10FD40000102030406070809000000000102030481
:10FD5000433A2F55736572732F4C656E6F766F2F14
:10FD60004465736B746F702F6E65775F6275696C35
:10FD7000642F47656E6572616C5F4672616D657771
:10FD80006F726B2F447269766572732F53544D33C3
:10FD900032463478785F48414C5F447269766572C8
:10FDA0002F5372632F73746D3332663478785F68C3
:10FDB000616C5F63616E2E6300000000433A2F5553
:10FDC000736572732F4C656E6F766F2F4465736B1E
:10FDD000746F702F6E65775F6275696C642F47650D
:10FDE0006E6572616C5F4672616D65776F726B2FC5
:10FDF000447269766572732F53544D3332463478AA
:10FE0000785F48414C5F4472697665722F53726324
:10FE10002F73746D3332663478785F68616C5F631A
:10FE20006F727465782E6300433A2F557365727351
:10FE30002F4C656E6F766F2F4465736B746F702FE8
:10FE40006E65775F6275696C642F47656E65726178
:10FE50006C5F4672616D65776F726B2F4472697665
:10FE60006572732F53544D3332463478785F48416E
:10FE70004C5F4472697665722F5372632F73746D91
:10FE80003332663478785F68616C5F646D612E63CD
:10FE9000000000000006101600061016433A2F5509
:10FEA000736572732F4C656E6F766F2F4465736B3D
:10FEB000746F702F6E65775F6275696C642F47652C
:10FEC0006E6572616C5F4672616D65776F726B2FE4
:10FED000447269766572732F53544D3332463478C9
:10FEE000785F48414C5F4472697665722F53726344
:10FEF0002F73746D3332663478785F68616C5F6736
:10FF000070696F2E63000000433A2F55736572735A
:10FF10002F4C656E6F766F2F4465736B746F702F07
:10FF20006E65775F6275696C642F47656E65726197
:10FF30006C5F4672616D65776F726B2F4472697684
:10FF40006572732F53544D3332463478785F48418D
:10FF50004C5F4472697665722F5372632F73746DB0
:10FF60003332663478785F68616C5F7063642E63E7
:10FF700000000000433A2F55736572732F4C656E75
:10FF80006F766F2F4465736B746F702F6E65775F3C
:10FF90006275696C642F47656E6572616C5F46724D
:10FFA000616D65776F726B2F447269766572732F1E
:10FFB00053544D3332463478785F48414C5F447235
:10FFC000697665722F5372632F73746D33326634A2
:10FFD00078785F68616C5F7263632E630000000075
:10FFE000433A2F55736572732F4C656E6F766F2F82
:10FFF0004465736B746F702F6E65775F6275696CA3
:020000040801F1
:10000000642F47656E6572616C5F4672616D6577DE
:100010006F726B2F447269766572732F53544D3330
:1000200032463478785F48414C5F44726976657235
:100030002F5372632F73746D3332663478785F6830
:10004000616C5F74696D2E6300000000433A2F55A8
:10005000736572732F4C656E6F766F2F4465736B8B
:10006000746F702F6E65775F6275696C642F47657A
:100070006E6572616C5F4672616D65776F726B2F32
:10008000447269766572732F53544D333246347817
:10009000785F48414C5F4472697665722F53726392
:1000A0002F73746D3332663478785F68616C5F7576
:1000B0006172742E6300000049444C45000000004A
:1000C000546D725100000000546D7220537663002D
:1000D0004E3D4672656552544F532044656D6F2006
:1000E0004170706C69636174696F6E2C443D436F3D
:1000F000727465782D4D342C4F3D467265655254AF
:100100004F530000492331353D5379735469636B74
:10011000000000005465726D696E616C00000000A3
:1001200000000000000054545220524547474553F8
:1001300000000000537973566965770000000000E5
:10014000000000000000000053595354454D56492B
:1001500045573A20436F756C64206E6F742072654A
:10016000636F7264207461736B20696E666F726D69
:100170006174696F6E2E204D6178696D756D206EAA
:10018000756D626572206F66207461736B73207287
:100190006561636865642E00F1CA00084DCC0008F3
:1001A000433A2F55736572732F4C656E6F766F2FC0
:1001B0004465736B746F702F6E65775F6275696CE1
:1001C000642F47656E6572616C5F4672616D65771D
:1001D0006F726B2F4D6F64756C652F616374696FFF
:1001E0006E2F616374696F6E2E6300006169725FC8
:1001F0006A6F795F70756200E00B01080402010804
:1002000044FB000834564553430000000000000042
:10021000F8010108FDDD000811DE000881DC00089E
:10022000F3DD0008F5DD0008F7DD0008F9DD000862
:10023000DDDC00087D2400087F24000881240008FC
:10024000832400088524000887240008E00B0108A7
:100250005802010844FB000839524D5F436F6D6D31
:100260006F6E0000000000004C020108000000005A
:1002700000000000B7F3000849DE00084FDE000868
:1002800057DE000861DE00083926000889240008CE
:100290002F25000895250008CF250008E725000830
:1002A000F125000845DE000853544D3332205669CD
:1002B000727475616C20436F6D506F727400000032
:1002C00053544D6963726F656C656374726F6E69C8
:1002D0006373000043444320436F6E666967000008
:1002E00043444320496E7465726661636500000093
:1002F00000000000920E493CB10AC93C2BC3163DD8
:100300002EFB483D752B7B3D04A9963D80B6AF3D45
:1003100036BDC83D2FBCE13D73B2FA3D87CF093EE3
:100320008340163EB5AB223EA2102F3ECF6E3B3E21
:10033000C2C5473E0115543E135C603E7F9A6C3E39
:10034000CCCF783EC07D823E938E883E229A8E3EF0
:1003500032A0943E86A09A3EE59AA03E128FA63E19
:10036000D47CAC3EEF63B23E2A44B83E491DBE3E4B
:1003700015EFC33E53B9C93ECA7BCF3E4136D53E89
:1003800080E8DA3E4F92E03E7533E63EBBCBEB3E73
:10039000EA5AF13ECBE0F63E275DFC3EE4E7003F43
:1003A0003D9C033F824B063F9BF5083F6B9A0B3FFA
:1003B000DA390E3FCDD3103F2A68133FD9F6153FE7
:1003C000C07F183FC6021B3FD17F1D3FCBF61F3FAA
:1003D0009967223F25D2243F5636273F1594293F5F
:1003E0004AEB2B3FDE3B2E3FBB85303FC9C8323F37
:1003F000F304353F233A373F4268393F3B8F3B3F59
:10040000F9AE3D3F67C73F3F70D8413F01E2433FF0
:1004100003E4453F65DE473F12D1493FF8BB4B3F00
:10042000029F4D3F207A4F3F3D4D513F4918533F6A
:1004300031DB543FE595563F5348583F6AF2593FE8
:100440001A945B3F532D5D3F05BE5E3F2146603FE2
:1004500097C5613F5A3C633F59AA643F880F663F86
:10046000D86B673F3CBF683FA7096A3F0C4B6B3FA7
:100470005E836C3F93B26D3F9ED86E3F73F56F3FC6
:100480000809713F5213723F4714733FDD0B743FED
:100490000BFA743FC6DE753F07BA763FC58B773FD0
:1004A000F853783F9812793F9DC7793F02737A3F9E
:1004B000BE147B3FCDAC7B3F283B7C3FC9BF7C3F1C
:1004C000AC3A7D3FCCAB7D3F23137E3FB0707E3F87
:1004D0006DC47E3F580E7F3F6D4E7F3FAB847F3FA4
:1004E0000FB17F3F97D37F3F43EC7F3F11FB7F3FAF
:1004F0000000803F11FB7F3F43EC7F3F97D37F3F5E
:100500000FB17F3FAB847F3F6D4E7F3F580E7F3FE3
:100510006DC47E3FB0707E3F23137E3FCCAB7D3FEA
:10052000AC3A7D3FC9BF7C3F283B7C3FCDAC7B3F95
:10053000BE147B3F02737A3F9DC7793F9812793F83
:10054000F853783FC58B773F07BA763FC6DE753FD5
:100550000BFA743FDD0B743F4714733F5213723F25
:100560000809713F73F56F3F9ED86E3F93B26D3FA0
:100570005E836C3F0C4B6B3FA7096A3F3CBF683FF3
:10058000D86B673F880F663F59AA643F5A3C633F68
:1005900097C5613F2146603F05BE5E3F532D5D3FDD
:1005A0001A945B3F6AF2593F5348583FE595563FCE
:1005B00031DB543F4918533F3D4D513F207A4F3F67
:1005C000029F4D3FF8BB4B3F12D1493F65DE473F8D
:1005D00003E4453F01E2433F70D8413F67C73F3FD7
:1005E000F9AE3D3F3B8F3B3F4268393F233A373FAF
:1005F000F304353FC9C8323FBB85303FDE3B2E3F59
:100600004AEB2B3F1594293F5636273F25D2243FEE
:100610009967223FCBF61F3FD17F1D3FC6021B3F8C
:10062000C07F183FD9F6153F2A68133FCDD3103F3E
:10063000DA390E3F6B9A0B3F9BF5083F824B063F22
:100640003D9C033FE4E7003F275DFC3ECBE0F63EE8
:10065000EA5AF13EBBCBEB3E7533E63E4F92E03EAD
:1006600080E8DA3E4136D53ECA7BCF3E53B9C93E1B
:1006700015EFC33E491DBE3E2A44B83EEF63B23E6D
:10068000D47CAC3E128FA63EE59AA03E86A09A3E50
:1006900032A0943E229A8E3E938E883EC07D823E4A
:1006A000CCCF783E7F9A6C3E135C603E0115543E81
:1006B000C2C5473ECF6E3B3EA2102F3EB5AB223E99
:1006C0008340163E87CF093E73B2FA3D2FBCE13D11
:1006D00036BDC83D80B6AF3D04A9963D752B7B3D28
:1006E0002EFB483D2BC3163DB10AC93C920E493C36
:1006F00000000000920E49BCB10AC9BC2BC316BD54
:100700002EFB48BD752B7BBD04A996BD80B6AFBD41
:1007100036BDC8BD2FBCE1BD73B2FABD87CF09BEDF
:10072000834016BEB5AB22BEA2102FBECF6E3BBE1D
:10073000C2C547BE011554BE135C60BE7F9A6CBE35
:10074000CCCF78BEC07D82BE938E88BE229A8EBEEC
:1007500032A094BE86A09ABEE59AA0BE128FA6BE15
:10076000D47CACBEEF63B2BE2A44B8BE491DBEBE47
:1007700015EFC3BE53B9C9BECA7BCFBE4136D5BE85
:1007800080E8DABE4F92E0BE7533E6BEBBCBEBBE6F
:10079000EA5AF1BECBE0F6BE275DFCBEE4E700BF3F
:1007A0003D9C03BF824B06BF9BF508BF6B9A0BBFF6
:1007B000DA390EBFCDD310BF2A6813BFD9F615BFE3
:1007C000C07F18BFC6021BBFD17F1DBFCBF61FBFA6
:1007D000996722BF25D224BF563627BF159429BF5B
:1007E0004AEB2BBFDE3B2EBFBB8530BFC9C832BF33
:1007F000F30435BF233A37BF426839BF3B8F3BBF55
:10080000F9AE3DBF67C73FBF70D841BF01E243BFEC
:1008100003E445BF65DE47BF12D149BFF8BB4BBFFC
:10082000029F4DBF207A4FBF3D4D51BF491853BF66
:1008300031DB54BFE59556BF534858BF6AF259BFE4
:100840001A945BBF532D5DBF05BE5EBF214660BFDE
:1008500097C561BF5A3C63BF59AA64BF880F66BF82
:10086000D86B67BF3CBF68BFA7096ABF0C4B6BBFA3
:100870005E836CBF93B26DBF9ED86EBF73F56FBFC2
:10088000080971BF521372BF471473BFDD0B74BFE9
:100890000BFA74BFC6DE75BF07BA76BFC58B77BFCC
:1008A000F85378BF981279BF9DC779BF02737ABF9A
:1008B000BE147BBFCDAC7BBF283B7CBFC9BF7CBF18
:1008C000AC3A7DBFCCAB7DBF23137EBFB0707EBF83
:1008D0006DC47EBF580E7FBF6D4E7FBFAB847FBFA0
:1008E0000FB17FBF97D37FBF43EC7FBF11FB7FBFAB
:1008F000000080BF11FB7FBF43EC7FBF97D37FBF5A
:100900000FB17FBFAB847FBF6D4E7FBF580E7FBFDF
:100910006DC47EBFB0707EBF23137EBFCCAB7DBFE6
:10092000AC3A7DBFC9BF7CBF283B7CBFCDAC7BBF91
:10093000BE147BBF02737ABF9DC779BF981279BF7F
:10094000F85378BFC58B77BF07BA76BFC6DE75BFD1
:100950000BFA74BFDD0B74BF471473BF521372BF21
:10096000080971BF73F56FBF9ED86EBF93B26DBF9C
:100970005E836CBF0C4B6BBFA7096ABF3CBF68BFEF
:10098000D86B67BF880F66BF59AA64BF5A3C63BF64
:1009900097C561BF214660BF05BE5EBF532D5DBFD9
:1009A0001A945BBF6AF259BF534858BFE59556BFCA
:1009B00031DB54BF491853BF3D4D51BF207A4FBF63
:1009C000029F4DBFF8BB4BBF12D149BF65DE47BF89
:1009D00003E445BF01E243BF70D841BF67C73FBFD3
:1009E000F9AE3DBF3B8F3BBF426839BF233A37BFAB
:1009F000F30435BFC9C832BFBB8530BFDE3B2EBF55
:100A00004AEB2BBF159429BF563627BF25D224BFEA
:100A1000996722BFCBF61FBFD17F1DBFC6021BBF88
:100A2000C07F18BFD9F615BF2A6813BFCDD310BF3A
:100A3000DA390EBF6B9A0BBF9BF508BF824B06BF1E
:100A40003D9C03BFE4E700BF275DFCBECBE0F6BEE4
:100A5000EA5AF1BEBBCBEBBE7533E6BE4F92E0BEA9
:100A600080E8DABE4136D5BECA7BCFBE53B9C9BE17
:100A700015EFC3BE491DBEBE2A44B8BEEF63B2BE69
:100A8000D47CACBE128FA6BEE59AA0BE86A09ABE4C
:100A900032A094BE229A8EBE938E88BEC07D82BE46
:100AA000CCCF78BE7F9A6CBE135C60BE011554BE7D
:100AB000C2C547BECF6E3BBEA2102FBEB5AB22BE95
:100AC000834016BE87CF09BE73B2FABD2FBCE1BD0D
:100AD00036BDC8BD80B6AFBD04A996BD752B7BBD24
:100AE0002EFB48BD2BC316BDB10AC9BC920E49BC32
:100AF00000000080E00B0108000B0108040C010855
:100B00004E31305F5F637878616269763131375F8B
:100B10005F636C6173735F747970655F696E666F34
:100B20004500000000000000F40A010831EC000854
:100B300045EC0008BDF40008BDF40008AFEC000867
:100B4000F3EB000897EC000859EC000825EC0008CE
:100B50002C0B0108600B01082C0B0108800B01080D
:100B60004E31305F5F637878616269763131355F2D
:100B70005F666F726365645F756E77696E6445006A
:100B80004E31305F5F637878616269763131395F09
:100B90005F666F726569676E5F65786365707469BB
:100BA0006F6E4500E00B0108B00B0108F40A010864
:100BB0004E31305F5F637878616269763132305FE1
:100BC0005F73695F636C6173735F747970655F698C
:100BD0006E666F450000000000000000A40B0108D5
:100BE000BDF30008D1F30008BDF40008BDF400080F
:100BF000AFEC0008F3EB000891F400081DF40008C6
:100C0000E5F300082C0B01080C0C0108537439742F
:0C0C10007970655F696E666F000000007F
:100C1C00F9E3FF7FB0A90400FFFF011D9401048ECE
:100C2C000500B40104980500B20304A20500D40326
:100C3C0004AC05009405220000000000CDE3FF7F0A
:100C4C008482C901B0B0B00DFFFF0111C00304F2E2
:100C5C000300E00304FC0300F8030E000000000096
:100C6C0080C90181B0AF08B100000000C904018146
:100C7C00B0B0A9800000000008B10181B0B00084C0
:100C8C000000000008B10181B0B000840000000039
:100C9C0080C90181008408B10000000008B1018105
:100CAC00B0B000840000000008B10181B0B0008435
:040CBC000000000034
:100CC00034FEFE7F010000009401FF7FB0A9028086
:100CD0002802FF7FB0B0A8807802FF7F01000000EB
:100CE0008402FF7FB0B0AA80B802FF7FAE71B280ED
:100CF0007C03FF7F010000007803FF7FAB3F38805B
:100D0000D803FF7F01000000E003FF7FB0B0AA809E
:100D10001C04FF7F01000000C804FF7FAA0DB28001
:100D20004405FF7FB0AF0880E407FF7F01000000AB
:100D3000E807FF7FAD3F0280640AFF7F01000000EB
:100D4000400CFF7F00840480540CFF7F01000000F2
:100D5000500CFF7FB0AD0480F40EFF7FB0A803807D
:100D6000180FFF7F44FFFF7F1C0FFF7F48FFFF7FAF
:100D7000280FFF7F01000000700FFF7FB0B0A88038
:100D80008C0FFF7F98FEFF7F7012FF7FBCFEFF7FFE
:100D9000A014FF7FB0B0A880E814FF7F010000001E
:100DA0004015FF7FAA80C980D416FF7F0100000094
:100DB000D818FF7FA908B1800419FF7F0100000047
:100DC0001C1CFF7FA8FEFF7FCC1DFF7FB0A9088001
:100DD0002C1EFF7FA4FEFF7F1420FF7FB0B0A880F1
:100DE0002C20FF7F010000003420FF7FB0B0A880DE
:100DF0005820FF7F010000008C21FF7FB0A90880F0
:100E0000EC21FF7FB0B0A8800822FF7F0100000026
:100E1000B423FF7F70FEFF7FDC23FF7F74FEFF7F24
:100E20003C24FF7FB0B0A8807024FF7F008408803E
:100E3000F824FF7F0100000028D0FF7FB0A80180C8
:100E4000C0D0FF7F58FEFF7F98D1FF7F01000000D8
:0C0E5000B50100080D2E0008113000084C
:040E5C0091010008F8
:100E60000000000000000000000000000000000082
:100E70000000A042000020410000004100000000EE
:100E80000000000000000000000000000000000062
:100E90000000000000000000000000000000000052
:100EA0000000000000000000000000000000000042
:100EB0000000000000401C4600007A440000A040F2
:100EC0000000000000000000000000006666663FB1
:100ED0009A99593F01000000000000000000000046
:100EE0000000000000000000000000000000000002
:100EF00000000000000000000000000000000000F2
:100F000000000000000000000000000017000000CA
:100F100000000000000000000000000000000000D1
:100F200000000000000000000000000000000000C1
:100F300000000000000000000000000000000000B1
:100F400000000000000000000000000000000000A1
:100F50000000000000000000000000000000000091
:100F60000000000000000000000000000000000081
:100F70000000000000000000000000000000000071
:100F80000000000000000000000000000000000061
:100F90000000000000000000000000000000000051
:100FA0000000000000000000000000000000000041
:100FB0000000000000000000000000000000000031
:100FC0000000000000000000000000000000000021
:100FD0000000000000000000020200018811002053
:100FE0000000000000000000000000000000000001
:100FF00000000000000000000000000008000000E9
:101000000402000000000000000000008811002021
:1010100000000000000000000002000008000000C6
:1010200000000000000000000000000000000000C0
:10103000000000000000A042000020410000084124
:1010400000000000000000000000000000000000A0
:101050000000000000000000000000000000000090
:101060000000000000000000000000000000000080
:10107000000000000000000000401C4600007A4410
:101080000000A04000000000000000000000000080
:101090006666663F9A99593F010000000000000013
:1010A0000000000000000000000000000000000040
:1010B0000000000000000000000000000000000030
:1010C0000000000000000000000000000000000020
:1010D00017000000000000000000000000000000F9
:1010E0000000000000000000000000000000000000
:1010F00000000000000000000000000000000000F0
:1011000000000000000000000000000000000000DF
:1011100000000000000000000000000000000000CF
:1011200000000000000000000000000000000000BF
:1011300000000000000000000000000000000000AF
:10114000000000000000000000000000000000009F
:10115000000000000000000000000000000000008F
:10116000000000000000000000000000000000007F
:10117000000000000000000000000000000000006F
:10118000000000000000000000000000000000005F
:10119000000000000000000000000000020200014A
:1011A0008811002000000000000000000000000086
:1011B000000000000000000000000000000000002F
:1011C0000800000001020000000000000000000014
:1011D0008811002000000000000000000002000054
:1011E00008000000000000000000000000000000F7
:1011F00000000000000000000000A04200002041AC
:10120000CDCC0C41000000000000000000000000F8
:1012100000000000000000000000000000000000CE
:1012200000000000000000000000000000000000BE
:1012300000000000000000000000000000401C460C
:1012400000007A440000A040000000000000000000
:10125000000000006666663F9A99593F0100000051
:10126000000000000000000000000000000000007E
:10127000000000000000000000000000000000006E
:10128000000000000000000000000000000000005E
:101290000000000017000000000000000000000037
:1012A000000000000000000000000000000000003E
:1012B000000000000000000000000000000000002E
:1012C000000000000000000000000000000000001E
:1012D000000000000000000000000000000000000E
:1012E00000000000000000000000000000000000FE
:1012F00000000000000000000000000000000000EE
:1013000000000000000000000000000000000000DD
:1013100000000000000000000000000000000000CD
:1013200000000000000000000000000000000000BD
:1013300000000000000000000000000000000000AD
:10134000000000000000000000000000000000009D
:10135000000000000000000000000000000000008D
:1013600002020001881100200000000000000000BF
:10137000000000000000000000000000000000006D
:101380000000000008000000030200000000000050
:101390000000000088110020000000000000000094
:1013A0000002000008000000000000000000000033
:1013B0000000000000000000000000000000A0424B
:1013C0000000204100000841000000000000000073
:1013D000000000000000000000000000000000000D
:1013E00000000000000000000000000000000000FD
:1013F00000000000000000000000000000000000ED
:1014000000401C4600007A440000A040000000009C
:1014100000000000000000006666663F9A99593F90
:1014200001000000000000000000000000000000BB
:1014300000000000000000000000000000000000AC
:10144000000000000000000000000000000000009C
:101450000000000000000000170000000000000075
:10146000000000000000000000000000000000007C
:10147000000000000000000000000000000000006C
:10148000000000000000000000000000000000005C
:10149000000000000000000000000000000000004C
:1014A000000000000000000000000000000000003C
:1014B000000000000000000000000000000000002C
:1014C000000000000000000000000000000000001C
:1014D000000000000000000000000000000000000C
:1014E00000000000000000000000000000000000FC
:1014F00000000000000000000000000000000000EC
:1015000000000000000000000000000000000000DB
:1015100000000000000000000000000000000000CB
:1015200000000000020200018811002000000000FD
:1015300000000000000000000000000000000000AB
:10154000000000000000000008000000020200008F
:1015500000000000000000008811002000000000D2
:101560000000000000020000080000000000000071
:1015700000000000B011002000000000000000008A
:10158000000000000000000000000000000000005B
:101590000000000008000000000000000000000043
:1015A00000000000B0110020010000000000000059
:1015B0000000000008000000000000000000000023
:1015C0000024F4000100000010000000538E000809
:1015D000EF8D0008D58C000800000000FD8A00088F
:1015E000598C0008218C0008000000000000000059
:1015F00000000000D98B0008918B0008498B00087F
:101600003D8B000809024300020100C032090400BA
:10161000000102020100052400100105240100015F
:1016200004240202052406000107058203080010B5
:1016300009040100020A0000000705010240000041
:1016400007058102400000000A0600020000004079
:1016500001000000AAAAAAAA75B4000871E6000851
:1016600049E600084DE6000855E6000851E6000886
:1016700099E60008A5E6000869E7000845E70008C4
:1016800031E7000885E70008A9E700081201000219
:1016900002020040830440570002010203010000DF
:1016A000040309041A030000000000000000000009
:1016B000000000000000000000000000000000002A
:1016C00065F30008FDF500086C080020000000002C
:1016D000000000000000000000000000000000000A
:1016E00000000000000000000000000000000000FA
:1016F00000000000000000000000000000000000EA
:1017000000000000000000000000000000000000D9
:1017100000000000000000000000000000000000C9
:0C172000000000000000000000000000BD
:10172C0000000000000000000000000000000000AD
:10173C00000000000000000000000000000000009D
:10174C00000000000000000000000000000000008D
:10175C00000000000000000000000000000000007D
:10176C00000000000000000000000000000000006D
:10177C00000000000000000000000000000000005D
:10178C00000000000000000000000000000000004D
:10179C00000000000000000000000000000000003D
:1017AC00000000000000000000000000000000002D
:1017BC00000000000000000000000000000000001D
:1017CC00000000000000000000000000000000000D
:1017DC0000000000000000000000000000000000FD
:1017EC0000000000000000000000000000000000ED
:1017FC0000000000000000000000000000000000DD
:10180C0000000000000000000000000000000000CC
:10181C0000000000000000000000000000000000BC
:10182C0000000000000000000000000000000000AC
:10183C00000000000000000000000000000000009C
:10184C00000000000000000000000000000000008C
:10185C00000000000000000000000000000000007C
:10186C00000000000000000000000000000000006C
:10187C00000000000000000000000000000000005C
:10188C00000000000000000000000000000000004C
:10189C00000000000000000000000000000000003C
:1018AC00000000000000000000000000000000002C
:1018BC00000000000000000000000000000000001C
:1018CC00000000000000000000000000000000000C
:1018DC0000000000000000000000000000000000FC
:1018EC0000000000000000000000000000000000EC
:1018FC0000000000000000000000000000000000DC
:10190C0000000000000000000000000000000000CB
:10191C0000000000000000000000000000000000BB
:10192C0000000000000000000000000000000000AB
:10193C00000000000000000000000000000000009B
:10194C00000000000000000000000000000000008B
:10195C00000000000000000000000000000000007B
:10196C00000000000000000000000000000000006B
:10197C00000000000000000000000000000000005B
:10198C00000000000000000000000000000000004B
:10199C00000000000000000000000000000000003B
:1019AC00000000000000000000000000000000002B
:1019BC00000000000000000000000000000000001B
:1019CC00000000000000000000000000000000000B
:1019DC0000000000000000000000000000000000FB
:1019EC0000000000000000000000000000000000EB
:1019FC0000000000000000000000000000000000DB
:101A0C0000000000000000000000000000000000CA
:101A1C0000000000000000000000000000000000BA
:101A2C0000000000000000000000000000000000AA
:101A3C00000000000000000000000000000000009A
:101A4C00000000000000000000000000000000008A
:101A5C00000000000000000000000000000000007A
:101A6C00000000000000000000000000000000006A
:101A7C00000000000000000000000000000000005A
:101A8C00000000000000000000000000000000004A
:101A9C00000000000000000000000000000000003A
:101AAC00000000000000000000000000000000002A
:101ABC00000000000000000000000000000000001A
:101ACC00000000000000000000000000000000000A
:101ADC0000000000000000000000000000000000FA
:101AEC0000000000000000000000000000000000EA
:101AFC0000000000000000000000000000000000DA
:101B0C0000000000000000000000000000000000C9
:101B1C0000000000000000000000000000000000B9
:101B2C0000000000000000000000000000000000A9
:101B3C000000000000000000000000000000000099
:101B4C000000000000000000000000000000000089
:101B5C000000000000000000000000000000000079
:101B6C000000000000000000000000000000000069
:101B7C000000000000000000000000000000000059
:101B8C000000000000000000000000000000000049
:101B9C000000000000000000000000000000000039
:101BAC000000000000000000000000000000000029
:101BBC000000000000000000000000000000000019
:101BCC000000000000000000000000000000000009
:101BDC0000000000000000000000000000000000F9
:101BEC0000000000000000000000000000000000E9
:101BFC0000000000000000000000000000000000D9
:101C0C0000000000000000000000000000000000C8
:101C1C0000000000000000000000000000000000B8
:101C2C0000000000000000000000000000000000A8
:101C3C000000000000000000000000000000000098
:101C4C000000000000000000000000000000000088
:101C5C000000000000000000000000000000000078
:101C6C000000000000000000000000000000000068
:101C7C000000000000000000000000000000000058
:101C8C000000000000000000000000000000000048
:101C9C000000000000000000000000000000000038
:101CAC000000000000000000000000000000000028
:101CBC000000000000000000000000000000000018
:101CCC000000000000000000000000000000000008
:101CDC0000000000000000000000000000000000F8
:101CEC0000000000000000000000000000000000E8
:101CFC0000000000000000000000000000000000D8
:101D0C0000000000000000000000000000000000C7
:101D1C0000000000000000000000000000000000B7
:101D2C0000000000000000000000000000000000A7
:101D3C000000000000000000000000000000000097
:101D4C000000000000000000000000000000000087
:101D5C000000000000000000000000000000000077
:101D6C000000000000000000000000000000000067
:101D7C000000000000000000000000000000000057
:101D8C000000000000000000000000000000000047
:101D9C000000000000000000000000000000000037
:101DAC000000000000000000000000000000000027
:101DBC000000000000000000000000000000000017
:101DCC000000000000000000000000000000000007
:101DDC0000000000000000000000000000000000F7
:101DEC0000000000000000000000000000000000E7
:101DFC0000000000000000000000000000000000D7
:101E0C0000000000000000000000000000000000C6
:101E1C0000000000000000000000000000000000B6
:101E2C0000000000000000000000000000000000A6
:101E3C000000000000000000000000000000000096
:101E4C000000000000000000000000000000000086
:101E5C000000000000000000000000000000000076
:101E6C000000000000000000000000000000000066
:101E7C000000000000000000000000000000000056
:101E8C000000000000000000000000000000000046
:101E9C000000000000000000000000000000000036
:101EAC000000000000000000000000000000000026
:101EBC000000000000000000000000000000000016
:101ECC000000000000000000000000000000000006
:101EDC0000000000000000000000000000000000F6
:101EEC0000000000000000000000000000000000E6
:101EFC0000000000000000000000000000000000D6
:101F0C0000000000000000000000000000000000C5
:101F1C0000000000000000000000000000000000B5
:101F2C0000000000000000000000000000000000A5
:101F3C000000000000000000000000000000000095
:101F4C000000000000000000000000000000000085
:101F5C000000000000000000000000000000000075
:101F6C000000000000000000000000000000000065
:101F7C000000000000000000000000000000000055
:101F8C000000000000000000000000000000000045
:101F9C000000000000000000000000000000000035
:101FAC000000000000000000000000000000000025
:101FBC000000000000000000000000000000000015
:101FCC000000000000000000000000000000000005
:101FDC0000000000000000000000000000000000F5
:040000050800EA7590
:00000001FF
